Регион,Случаи заболевания,Выздоровело,Умерло,Дата
Москва,18105,1517,127,17.04.2020
Московская область,3526,105,40,17.04.2020
Санкт-Петербург,1507,131,7,17.04.2020
Нижегородская область,458,21,4,17.04.2020
Республика Коми,455,6,3,17.04.2020
Ленинградская область,354,9,0,17.04.2020
Мурманская область,314,21,1,17.04.2020
Краснодарский край,290,48,3,17.04.2020
Красноярский край,231,17,0,17.04.2020
Брянская область,228,23,1,17.04.2020
Республика Башкортостан,213,14,8,17.04.2020
Республика Дагестан,213,9,9,17.04.2020
Тульская область,199,24,0,17.04.2020
Республика Ингушетия,191,1,2,17.04.2020
Тверская область,188,9,0,17.04.2020
Рязанская область,184,4,0,17.04.2020
Владимирская область,183,1,5,17.04.2020
Республика Марий Эл,179,24,1,17.04.2020
Ростовская область,168,10,0,17.04.2020
Ставропольский край,155,19,2,17.04.2020
Ивановская область,149,10,0,17.04.2020
Тюменская область,146,10,2,17.04.2020
Курская область,145,8,2,17.04.2020
Республика Татарстан,144,18,0,17.04.2020
Пермский край,144,19,3,17.04.2020
Смоленская область,139,1,2,17.04.2020
Ульяновская область,138,2,2,17.04.2020
Республика Чувашия,137,2,1,17.04.2020
Республика Мордовия,136,5,1,17.04.2020
Тамбовская область,133,8,0,17.04.2020
Ханты-Мансийский АО,128,15,0,17.04.2020
Калужская область,122,9,1,17.04.2020
Оренбургская область,120,13,2,17.04.2020
Пензенская область,119,4,2,17.04.2020
Свердловская область,115,47,0,17.04.2020
Чеченская Республика,115,15,5,17.04.2020
Хабаровский край,109,9,3,17.04.2020
Липецкая область,108,29,0,17.04.2020
Воронежская область,108,24,1,17.04.2020
Калининградская область,104,28,1,17.04.2020
Республика Бурятия,103,24,2,17.04.2020
Ямало-Ненецкий автономный округ,101,5,1,17.04.2020
Кабардино-Балкарская Республика,92,3,0,17.04.2020
Кировская область,91,10,2,17.04.2020
Саратовская область,87,13,0,17.04.2020
Орловская область,85,7,0,17.04.2020
Ярославская область,81,7,0,17.04.2020
Республика Адыгея,79,15,2,17.04.2020
Вологодская область,77,9,0,17.04.2020
Новосибирская область,76,14,2,17.04.2020
Новгородская область,74,4,0,17.04.2020
Белгородская область,70,9,2,17.04.2020
Республика Северная Осетия — Алания,65,3,2,17.04.2020
Астраханская область,64,7,3,17.04.2020
Самарская область,63,14,0,17.04.2020
Волгоградская область,62,7,0,17.04.2020
Удмуртская Республика,58,6,3,17.04.2020
Челябинская область,57,26,0,17.04.2020
Республика Калмыкия,53,9,3,17.04.2020
Алтайский край,53,4,0,17.04.2020
Приморский край,49,3,2,17.04.2020
Карачаево-Черкесская Республика,49,0,0,17.04.2020
Иркутская область,47,4,2,17.04.2020
Костромская область,47,7,2,17.04.2020
Республика Крым,40,14,0,17.04.2020
Республика Саха (Якутия),38,15,0,17.04.2020
Республика Хакасия,38,3,0,17.04.2020
Псковская область,37,8,4,17.04.2020
Архангельская область,34,11,0,17.04.2020
Забайкальский край,30,1,0,17.04.2020
Камчатский край,29,2,0,17.04.2020
Омская область,26,9,0,17.04.2020
Кемеровская область,22,5,0,17.04.2020
Томская область,21,4,0,17.04.2020
Сахалинская область,19,6,0,17.04.2020
Магаданская область,18,1,0,17.04.2020
Еврейская автономная область,16,4,0,17.04.2020
Курганская область,12,3,0,17.04.2020
Севастополь,12,2,0,17.04.2020
Амурская область,11,3,0,17.04.2020
Республика Карелия,9,0,0,17.04.2020
Республика Тыва,9,0,0,17.04.2020
Чукотский автономный округ,2,0,0,17.04.2020
Республика Алтай,1,0,0,17.04.2020
Ненецкий автономный округ,1,0,0,17.04.2020
Москва,20754,1679,148,18.04.2020
Московская область,3954,126,40,18.04.2020
Санкт-Петербург,1646,232,8,18.04.2020
Нижегородская область,517,21,4,18.04.2020
Республика Коми,474,6,3,18.04.2020
Ленинградская область,388,9,0,18.04.2020
Краснодарский край,335,49,4,18.04.2020
Мурманская область,321,27,2,18.04.2020
Красноярский край,276,17,0,18.04.2020
Республика Дагестан,257,28,9,18.04.2020
Брянская область,256,29,1,18.04.2020
Республика Башкортостан,252,14,8,18.04.2020
Тверская область,237,9,0,18.04.2020
Тульская область,229,25,0,18.04.2020
Республика Ингушетия,227,22,4,18.04.2020
Рязанская область,225,9,0,18.04.2020
Республика Марий Эл,219,24,1,18.04.2020
Ставропольский край,209,24,2,18.04.2020
Владимирская область,198,11,5,18.04.2020
Республика Мордовия,198,5,1,18.04.2020
Ростовская область,197,12,0,18.04.2020
Тюменская область,185,10,2,18.04.2020
Чеченская Республика,175,15,5,18.04.2020
Пермский край,170,21,3,18.04.2020
Курская область,170,8,2,18.04.2020
Тамбовская область,165,8,0,18.04.2020
Республика Чувашия,164,6,1,18.04.2020
Ивановская область,164,12,1,18.04.2020
Ханты-Мансийский АО,161,19,0,18.04.2020
Республика Татарстан,160,25,0,18.04.2020
Ульяновская область,157,2,2,18.04.2020
Смоленская область,152,1,2,18.04.2020
Калужская область,151,9,2,18.04.2020
Хабаровский край,147,12,4,18.04.2020
Пензенская область,140,4,2,18.04.2020
Оренбургская область,140,15,2,18.04.2020
Воронежская область,130,24,5,18.04.2020
Липецкая область,129,38,0,18.04.2020
Свердловская область,126,49,1,18.04.2020
Орловская область,119,7,1,18.04.2020
Калининградская область,115,30,1,18.04.2020
Кабардино-Балкарская Республика,114,8,0,18.04.2020
Республика Бурятия,112,26,2,18.04.2020
Кировская область,111,13,2,18.04.2020
Ямало-Ненецкий автономный округ,106,7,1,18.04.2020
Ярославская область,105,12,0,18.04.2020
Астраханская область,99,7,3,18.04.2020
Саратовская область,98,13,0,18.04.2020
Республика Северная Осетия — Алания,94,5,2,18.04.2020
Вологодская область,86,13,0,18.04.2020
Новосибирская область,86,16,2,18.04.2020
Республика Адыгея,84,15,2,18.04.2020
Белгородская область,81,9,2,18.04.2020
Новгородская область,80,4,1,18.04.2020
Волгоградская область,79,23,1,18.04.2020
Республика Калмыкия,67,9,3,18.04.2020
Приморский край,67,4,2,18.04.2020
Самарская область,64,15,0,18.04.2020
Алтайский край,63,4,0,18.04.2020
Магаданская область,62,1,0,18.04.2020
Удмуртская Республика,62,6,3,18.04.2020
Челябинская область ,61,29,0,18.04.2020
Иркутская область,54,10,2,18.04.2020
Костромская область,53,7,2,18.04.2020
Карачаево-Черкесская Республика,50,1,0,18.04.2020
Республика Саха (Якутия),47,16,0,18.04.2020
Республика Хакасия,46,3,0,18.04.2020
Республика Крым,43,21,0,18.04.2020
Псковская область,42,8,6,18.04.2020
Архангельская область,39,11,0,18.04.2020
Забайкальский край,33,4,0,18.04.2020
Омская область,31,13,0,18.04.2020
Камчатский край,29,2,0,18.04.2020
Кемеровская область,26,6,1,18.04.2020
Томская область,24,4,0,18.04.2020
Еврейская автономная область,19,4,0,18.04.2020
Сахалинская область,19,6,0,18.04.2020
Республика Карелия,15,0,0,18.04.2020
Амурская область,14,4,0,18.04.2020
Курганская область,13,3,0,18.04.2020
Севастополь,12,2,0,18.04.2020
Республика Тыва,9,0,0,18.04.2020
Республика Алтай,2,0,0,18.04.2020
Чукотский автономный округ,2,0,0,18.04.2020
Ненецкий автономный округ,1,0,0,18.04.2020
Москва,24324,1763,176,19.04.2020
Московская область,4663,162,49,19.04.2020
Санкт-Петербург,1760,239,8,19.04.2020
Нижегородская область,646,21,4,19.04.2020
Республика Коми,481,10,3,19.04.2020
Ленинградская область,417,9,0,19.04.2020
Краснодарский край,383,54,5,19.04.2020
Мурманская область,354,28,3,19.04.2020
Красноярский край,300,17,0,19.04.2020
Республика Дагестан,292,28,9,19.04.2020
Тульская область,287,39,0,19.04.2020
Брянская область,279,30,1,19.04.2020
Тверская область,270,12,0,19.04.2020
Республика Ингушетия,269,22,5,19.04.2020
Рязанская область,267,9,0,19.04.2020
Республика Марий Эл,262,24,1,19.04.2020
Республика Мордовия,258,5,1,19.04.2020
Республика Башкортостан,252,14,10,19.04.2020
Ставропольский край,232,26,3,19.04.2020
Ростовская область,232,13,0,19.04.2020
Тюменская область,227,20,2,19.04.2020
Владимирская область,225,11,5,19.04.2020
Чеченская Республика,219,19,5,19.04.2020
Пермский край,198,27,3,19.04.2020
Курская область,196,8,2,19.04.2020
Республика Чувашия,193,9,1,19.04.2020
Республика Татарстан,191,25,0,19.04.2020
Калужская область,188,9,2,19.04.2020
Тамбовская область,187,8,0,19.04.2020
Хабаровский край,185,12,4,19.04.2020
Оренбургская область,184,16,2,19.04.2020
Ивановская область,183,12,1,19.04.2020
Ханты-Мансийский АО,175,20,0,19.04.2020
Смоленская область,173,4,2,19.04.2020
Ульяновская область,168,3,2,19.04.2020
Воронежская область,156,28,5,19.04.2020
Кировская область,150,14,2,19.04.2020
Липецкая область,149,48,1,19.04.2020
Свердловская область,141,49,1,19.04.2020
Пензенская область,140,4,5,19.04.2020
Кабардино-Балкарская Республика,136,8,0,19.04.2020
Орловская область,132,10,1,19.04.2020
Калининградская область,126,30,1,19.04.2020
Астраханская область,123,9,3,19.04.2020
Республика Северная Осетия — Алания,120,7,2,19.04.2020
Ярославская область,117,12,0,19.04.2020
Ямало-Ненецкий автономный округ,116,7,1,19.04.2020
Республика Бурятия,115,37,2,19.04.2020
Саратовская область,114,13,0,19.04.2020
Новосибирская область,108,16,3,19.04.2020
Архангельская область,107,11,0,19.04.2020
Новгородская область,98,4,1,19.04.2020
Волгоградская область,93,23,1,19.04.2020
Вологодская область,93,13,0,19.04.2020
Республика Адыгея,91,15,2,19.04.2020
Белгородская область,90,11,2,19.04.2020
Республика Саха (Якутия),88,16,0,19.04.2020
Приморский край,80,4,2,19.04.2020
Самарская область,79,15,0,19.04.2020
Республика Калмыкия,74,9,3,19.04.2020
Алтайский край,72,4,0,19.04.2020
Челябинская область ,68,33,0,19.04.2020
Республика Хакасия,68,3,0,19.04.2020
Карачаево-Черкесская Республика,67,1,0,19.04.2020
Удмуртская Республика,66,7,3,19.04.2020
Костромская область,66,7,2,19.04.2020
Магаданская область,63,1,0,19.04.2020
Иркутская область,55,12,2,19.04.2020
Республика Крым,45,22,0,19.04.2020
Псковская область,44,8,6,19.04.2020
Кемеровская область,35,6,1,19.04.2020
Забайкальский край,34,4,0,19.04.2020
Камчатский край,34,3,0,19.04.2020
Омская область,33,14,0,19.04.2020
Томская область,29,4,0,19.04.2020
Еврейская автономная область,20,4,0,19.04.2020
Сахалинская область,19,8,0,19.04.2020
Республика Карелия,19,0,0,19.04.2020
Амурская область,16,4,0,19.04.2020
Севастополь,13,2,0,19.04.2020
Курганская область,13,3,0,19.04.2020
Республика Тыва,13,0,0,19.04.2020
Чукотский автономный округ,2,0,0,19.04.2020
Республика Алтай,2,0,0,19.04.2020
Ненецкий автономный округ,1,0,0,19.04.2020
Москва,26350,1838,204,20.04.2020
Московская область,5241,176,49,20.04.2020
Санкт-Петербург,1846,241,8,20.04.2020
Нижегородская область,759,26,5,20.04.2020
Республика Коми,491,21,3,20.04.2020
Ленинградская область,454,9,0,20.04.2020
Краснодарский край,417,59,8,20.04.2020
Мурманская область,400,28,3,20.04.2020
Республика Дагестан,331,28,9,20.04.2020
Брянская область,321,30,1,20.04.2020
Тульская область,309,41,0,20.04.2020
Республика Ингушетия,308,22,5,20.04.2020
Красноярский край,306,17,2,20.04.2020
Республика Башкортостан,297,14,14,20.04.2020
Тверская область,296,12,0,20.04.2020
Республика Мордовия,293,5,1,20.04.2020
Ростовская область,292,13,0,20.04.2020
Республика Марий Эл,291,24,1,20.04.2020
Рязанская область,289,9,0,20.04.2020
Чеченская Республика,264,19,5,20.04.2020
Владимирская область,259,11,5,20.04.2020
Тюменская область,254,20,2,20.04.2020
Ставропольский край,244,26,3,20.04.2020
Республика Татарстан,230,25,0,20.04.2020
Калужская область,228,9,4,20.04.2020
Республика Чувашия,225,9,2,20.04.2020
Курская область,220,11,2,20.04.2020
Хабаровский край,215,16,5,20.04.2020
Пермский край,215,30,3,20.04.2020
Тамбовская область,209,8,0,20.04.2020
Ивановская область,203,12,2,20.04.2020
Смоленская область,189,4,2,20.04.2020
Ханты-Мансийский АО,188,21,0,20.04.2020
Ульяновская область,187,3,2,20.04.2020
Оренбургская область,184,16,2,20.04.2020
Воронежская область,180,28,5,20.04.2020
Орловская область,175,10,1,20.04.2020
Кировская область,169,14,2,20.04.2020
Липецкая область,169,60,1,20.04.2020
Пензенская область,165,4,5,20.04.2020
Кабардино-Балкарская Республика,152,8,0,20.04.2020
Свердловская область,149,52,1,20.04.2020
Республика Северная Осетия — Алания,145,8,2,20.04.2020
Ярославская область,144,12,0,20.04.2020
Саратовская область,142,13,0,20.04.2020
Ямало-Ненецкий автономный округ,140,7,1,20.04.2020
Калининградская область,138,35,1,20.04.2020
Астраханская область,136,9,3,20.04.2020
Новосибирская область,132,16,3,20.04.2020
Республика Бурятия,115,37,2,20.04.2020
Архангельская область,114,11,1,20.04.2020
Белгородская область,112,11,2,20.04.2020
Волгоградская область,111,25,1,20.04.2020
Новгородская область,108,4,1,20.04.2020
Республика Саха (Якутия),107,16,0,20.04.2020
Вологодская область,100,13,0,20.04.2020
Республика Адыгея,100,16,2,20.04.2020
Приморский край,97,4,2,20.04.2020
Самарская область,95,15,0,20.04.2020
Удмуртская Республика,92,7,3,20.04.2020
Карачаево-Черкесская Республика,87,1,0,20.04.2020
Алтайский край,84,4,0,20.04.2020
Челябинская область ,78,35,0,20.04.2020
Республика Калмыкия,77,9,3,20.04.2020
Республика Хакасия,76,3,0,20.04.2020
Костромская область,70,7,2,20.04.2020
Иркутская область,65,12,2,20.04.2020
Магаданская область,63,1,0,20.04.2020
Псковская область,52,9,6,20.04.2020
Республика Крым,45,22,0,20.04.2020
Забайкальский край,43,4,0,20.04.2020
Камчатский край,41,4,0,20.04.2020
Кемеровская область,41,6,1,20.04.2020
Омская область,36,16,0,20.04.2020
Томская область,33,4,0,20.04.2020
Республика Карелия,27,0,0,20.04.2020
Еврейская автономная область,22,4,0,20.04.2020
Амурская область,20,4,0,20.04.2020
Сахалинская область,19,8,0,20.04.2020
Севастополь,17,2,0,20.04.2020
Республика Тыва,13,0,0,20.04.2020
Курганская область,13,3,0,20.04.2020
Республика Алтай,4,0,0,20.04.2020
Чукотский автономный округ,2,0,0,20.04.2020
Ненецкий автономный округ,1,0,0,20.04.2020
Москва,29433,2057,233,21.04.2020
Московская область,5959,179,49,21.04.2020
Санкт-Петербург,1973,280,11,21.04.2020
Нижегородская область,860,28,5,21.04.2020
Республика Коми,507,21,3,21.04.2020
Ленинградская область,496,9,0,21.04.2020
Краснодарский край,461,70,8,21.04.2020
Мурманская область,435,32,3,21.04.2020
Тульская область,384,46,1,21.04.2020
Республика Башкортостан,371,20,14,21.04.2020
Республика Дагестан,371,43,11,21.04.2020
Красноярский край,370,17,2,21.04.2020
Республика Ингушетия,354,30,9,21.04.2020
Брянская область,350,58,1,21.04.2020
Ростовская область,346,13,0,21.04.2020
Тверская область,329,15,0,21.04.2020
Республика Мордовия,327,10,1,21.04.2020
Рязанская область,316,9,0,21.04.2020
Республика Марий Эл,311,46,1,21.04.2020
Чеченская Республика,303,19,5,21.04.2020
Тюменская область,290,28,2,21.04.2020
Республика Татарстан,280,30,0,21.04.2020
Владимирская область,280,11,5,21.04.2020
Ставропольский край,266,27,4,21.04.2020
Калужская область,258,9,6,21.04.2020
Хабаровский край,243,16,5,21.04.2020
Курская область,242,11,3,21.04.2020
Пермский край,237,30,3,21.04.2020
Республика Чувашия,235,9,5,21.04.2020
Свердловская область,233,55,1,21.04.2020
Оренбургская область,226,20,2,21.04.2020
Тамбовская область,222,9,0,21.04.2020
Ивановская область,213,12,2,21.04.2020
Воронежская область,211,30,6,21.04.2020
Смоленская область,208,4,2,21.04.2020
Орловская область,198,10,1,21.04.2020
Ханты-Мансийский АО,197,22,0,21.04.2020
Липецкая область,189,60,2,21.04.2020
Кировская область,188,14,2,21.04.2020
Ярославская область,187,12,0,21.04.2020
Ульяновская область,187,3,2,21.04.2020
Пензенская область,180,6,5,21.04.2020
Республика Северная Осетия — Алания,177,8,2,21.04.2020
Кабардино-Балкарская Республика,170,8,1,21.04.2020
Саратовская область,168,13,0,21.04.2020
Ямало-Ненецкий автономный округ,146,7,1,21.04.2020
Калининградская область,144,41,1,21.04.2020
Астраханская область,137,9,3,21.04.2020
Новосибирская область,135,16,4,21.04.2020
Волгоградская область,134,25,1,21.04.2020
Алтайский край,127,9,0,21.04.2020
Республика Бурятия,125,38,2,21.04.2020
Белгородская область,122,11,2,21.04.2020
Архангельская область,118,15,1,21.04.2020
Удмуртская Республика,118,7,3,21.04.2020
Новгородская область,114,4,1,21.04.2020
Республика Саха (Якутия),111,16,0,21.04.2020
Республика Адыгея,108,21,2,21.04.2020
Вологодская область,107,13,0,21.04.2020
Карачаево-Черкесская Республика,106,1,0,21.04.2020
Приморский край,104,7,2,21.04.2020
Самарская область,103,15,0,21.04.2020
Челябинская область ,92,35,0,21.04.2020
Республика Хакасия,84,4,0,21.04.2020
Костромская область,81,7,2,21.04.2020
Республика Калмыкия,77,9,3,21.04.2020
Иркутская область,68,12,3,21.04.2020
Магаданская область,65,1,0,21.04.2020
Псковская область,58,9,6,21.04.2020
Забайкальский край,50,4,0,21.04.2020
Камчатский край,48,4,0,21.04.2020
Кемеровская область,47,11,1,21.04.2020
Республика Крым,46,22,0,21.04.2020
Еврейская автономная область,43,4,0,21.04.2020
Омская область,41,16,0,21.04.2020
Томская область,37,4,0,21.04.2020
Республика Карелия,30,0,0,21.04.2020
Амурская область,20,4,0,21.04.2020
Сахалинская область,19,8,0,21.04.2020
Севастополь,18,2,0,21.04.2020
Курганская область,15,3,0,21.04.2020
Республика Тыва,13,0,0,21.04.2020
Республика Алтай,8,0,0,21.04.2020
Чукотский автономный округ,2,0,0,21.04.2020
Ненецкий автономный округ,1,0,0,21.04.2020
Москва,31981,2267,261,22.04.2020
Московская область,6590,186,56,22.04.2020
Санкт-Петербург,2267,327,14,22.04.2020
Нижегородская область,929,49,6,22.04.2020
Ленинградская область,537,24,0,22.04.2020
Республика Коми,527,21,4,22.04.2020
Мурманская область,506,56,3,22.04.2020
Краснодарский край,481,72,11,22.04.2020
Тульская область,436,49,2,22.04.2020
Республика Дагестан,417,43,11,22.04.2020
Брянская область,399,62,1,22.04.2020
Ростовская область,398,15,0,22.04.2020
Республика Ингушетия,397,38,12,22.04.2020
Республика Башкортостан,396,34,14,22.04.2020
Рязанская область,392,15,0,22.04.2020
Красноярский край,392,28,2,22.04.2020
Республика Мордовия,357,11,1,22.04.2020
Тверская область,356,15,0,22.04.2020
Республика Татарстан,355,33,0,22.04.2020
Республика Марий Эл,333,46,1,22.04.2020
Калужская область,330,9,8,22.04.2020
Чеченская Республика,323,19,6,22.04.2020
Тюменская область,319,28,2,22.04.2020
Владимирская область,293,11,5,22.04.2020
Ставропольский край,277,37,5,22.04.2020
Курская область,276,26,3,22.04.2020
Хабаровский край,272,18,5,22.04.2020
Пермский край,266,37,3,22.04.2020
Республика Чувашия,262,14,5,22.04.2020
Оренбургская область,254,32,2,22.04.2020
Смоленская область,244,4,2,22.04.2020
Свердловская область,243,60,1,22.04.2020
Тамбовская область,240,14,0,22.04.2020
Орловская область,238,10,2,22.04.2020
Воронежская область,236,30,7,22.04.2020
Ивановская область,225,12,2,22.04.2020
Кировская область,216,18,3,22.04.2020
Липецкая область,213,62,2,22.04.2020
Республика Северная Осетия — Алания,211,8,2,22.04.2020
Ханты-Мансийский АО,203,29,1,22.04.2020
Ярославская область,198,17,0,22.04.2020
Пензенская область,196,6,5,22.04.2020
Ульяновская область,196,5,2,22.04.2020
Кабардино-Балкарская Республика,193,11,1,22.04.2020
Саратовская область,190,19,0,22.04.2020
Приморский край,166,11,2,22.04.2020
Калининградская область,163,42,1,22.04.2020
Республика Бурятия,153,49,2,22.04.2020
Удмуртская Республика,152,8,3,22.04.2020
Новосибирская область,151,20,4,22.04.2020
Ямало-Ненецкий автономный округ,149,22,1,22.04.2020
Астраханская область,148,13,3,22.04.2020
Волгоградская область,145,30,2,22.04.2020
Карачаево-Черкесская Республика,145,1,0,22.04.2020
Белгородская область,144,12,2,22.04.2020
Новгородская область,140,4,1,22.04.2020
Алтайский край,136,9,0,22.04.2020
Архангельская область,120,18,1,22.04.2020
Республика Саха (Якутия),116,16,0,22.04.2020
Самарская область,115,15,0,22.04.2020
Вологодская область,114,23,0,22.04.2020
Республика Адыгея,113,26,3,22.04.2020
Челябинская область ,102,38,0,22.04.2020
Республика Калмыкия,88,12,3,22.04.2020
Костромская область,88,7,2,22.04.2020
Республика Хакасия,87,4,0,22.04.2020
Иркутская область,75,13,3,22.04.2020
Магаданская область,67,1,0,22.04.2020
Камчатский край,63,4,0,22.04.2020
Псковская область,62,9,6,22.04.2020
Забайкальский край,61,5,0,22.04.2020
Кемеровская область,56,11,1,22.04.2020
Еврейская автономная область,52,6,0,22.04.2020
Республика Крым,46,23,0,22.04.2020
Омская область,45,17,0,22.04.2020
Томская область,43,4,0,22.04.2020
Республика Карелия,30,0,0,22.04.2020
Амурская область,23,4,0,22.04.2020
Сахалинская область,19,8,0,22.04.2020
Севастополь,19,5,0,22.04.2020
Курганская область,15,3,0,22.04.2020
Республика Тыва,13,0,0,22.04.2020
Республика Алтай,8,0,0,22.04.2020
Чукотский автономный округ,6,0,0,22.04.2020
Ненецкий автономный округ,1,0,0,22.04.2020
Москва,33940,2448,288,23.04.2020
Московская область,7278,186,56,23.04.2020
Санкт-Петербург,2458,368,17,23.04.2020
Нижегородская область,1002,60,7,23.04.2020
Мурманская область,603,61,3,23.04.2020
Ленинградская область,576,36,0,23.04.2020
Республика Коми,542,23,4,23.04.2020
Краснодарский край,539,88,14,23.04.2020
Ростовская область,469,18,0,23.04.2020
Тульская область,461,53,3,23.04.2020
Брянская область,459,68,2,23.04.2020
Республика Дагестан,454,43,11,23.04.2020
Республика Ингушетия,436,50,13,23.04.2020
Рязанская область,429,32,0,23.04.2020
Красноярский край,427,48,5,23.04.2020
Республика Башкортостан,422,38,14,23.04.2020
Республика Татарстан,412,33,0,23.04.2020
Республика Мордовия,385,13,1,23.04.2020
Тверская область,383,15,0,23.04.2020
Калужская область,383,14,8,23.04.2020
Республика Марий Эл,348,46,1,23.04.2020
Чеченская Республика,347,19,6,23.04.2020
Тюменская область,341,34,2,23.04.2020
Владимирская область,339,11,5,23.04.2020
Ставропольский край,332,38,5,23.04.2020
Хабаровский край,310,19,5,23.04.2020
Курская область,308,27,3,23.04.2020
Республика Чувашия,305,14,5,23.04.2020
Пермский край,287,43,4,23.04.2020
Оренбургская область,277,32,2,23.04.2020
Свердловская область,271,65,1,23.04.2020
Ярославская область,263,18,1,23.04.2020
Тамбовская область,263,25,0,23.04.2020
Воронежская область,261,30,7,23.04.2020
Смоленская область,251,4,2,23.04.2020
Орловская область,249,10,2,23.04.2020
Ямало-Ненецкий автономный округ,243,22,1,23.04.2020
Республика Северная Осетия — Алания,242,18,2,23.04.2020
Кировская область,240,20,3,23.04.2020
Ивановская область,239,12,2,23.04.2020
Липецкая область,238,62,2,23.04.2020
Саратовская область,229,19,0,23.04.2020
Ульяновская область,228,5,2,23.04.2020
Кабардино-Балкарская Республика,218,15,1,23.04.2020
Ханты-Мансийский АО,215,36,1,23.04.2020
Пензенская область,211,6,5,23.04.2020
Приморский край,185,13,2,23.04.2020
Белгородская область,176,13,2,23.04.2020
Калининградская область,171,45,1,23.04.2020
Карачаево-Черкесская Республика,169,1,0,23.04.2020
Новосибирская область,168,23,4,23.04.2020
Астраханская область,165,25,3,23.04.2020
Волгоградская область,165,31,2,23.04.2020
Республика Бурятия,163,55,2,23.04.2020
Удмуртская Республика,161,18,3,23.04.2020
Новгородская область,157,6,1,23.04.2020
Алтайский край,144,13,0,23.04.2020
Самарская область,141,15,0,23.04.2020
Республика Саха (Якутия),128,17,0,23.04.2020
Архангельская область,123,18,1,23.04.2020
Вологодская область,120,23,0,23.04.2020
Республика Адыгея,114,32,3,23.04.2020
Челябинская область ,111,38,0,23.04.2020
Костромская область,104,11,2,23.04.2020
Республика Хакасия,99,8,0,23.04.2020
Республика Калмыкия,94,14,3,23.04.2020
Камчатский край,78,5,0,23.04.2020
Магаданская область,76,2,0,23.04.2020
Иркутская область,75,21,3,23.04.2020
Кемеровская область,67,11,1,23.04.2020
Псковская область,66,9,6,23.04.2020
Еврейская автономная область,66,6,0,23.04.2020
Забайкальский край,64,5,0,23.04.2020
Омская область,53,19,0,23.04.2020
Томская область,52,4,0,23.04.2020
Республика Крым,51,23,0,23.04.2020
Республика Карелия,35,1,0,23.04.2020
Севастополь,25,5,0,23.04.2020
Амурская область,25,5,0,23.04.2020
Курганская область,20,3,0,23.04.2020
Сахалинская область,19,8,0,23.04.2020
Республика Тыва,14,0,0,23.04.2020
Республика Алтай,9,0,0,23.04.2020
Чукотский автономный округ,6,0,0,23.04.2020
Ненецкий автономный округ,1,0,0,23.04.2020
Москва,36897,2735,325,24.04.2020
Московская область,7889,235,66,24.04.2020
Санкт-Петербург,2711,411,20,24.04.2020
Нижегородская область,1096,77,8,24.04.2020
Мурманская область,663,64,4,24.04.2020
Краснодарский край,623,104,16,24.04.2020
Ленинградская область,615,56,0,24.04.2020
Республика Дагестан,567,43,11,24.04.2020
Республика Коми,553,28,4,24.04.2020
Ростовская область,533,18,0,24.04.2020
Тульская область,505,53,3,24.04.2020
Брянская область,494,82,2,24.04.2020
Рязанская область,475,32,0,24.04.2020
Республика Ингушетия,474,56,13,24.04.2020
Республика Башкортостан,455,57,14,24.04.2020
Красноярский край,449,48,5,24.04.2020
Калужская область,444,14,8,24.04.2020
Республика Татарстан,426,37,0,24.04.2020
Республика Мордовия,424,18,2,24.04.2020
Тверская область,412,15,0,24.04.2020
Владимирская область,381,11,5,24.04.2020
Республика Марий Эл,377,46,1,24.04.2020
Чеченская Республика,365,23,6,24.04.2020
Ставропольский край,358,44,5,24.04.2020
Тюменская область,357,40,2,24.04.2020
Хабаровский край,351,21,5,24.04.2020
Республика Чувашия,348,17,5,24.04.2020
Курская область,345,36,3,24.04.2020
Пермский край,318,48,4,24.04.2020
Оренбургская область,305,32,2,24.04.2020
Ярославская область,305,19,2,24.04.2020
Свердловская область,304,71,1,24.04.2020
Тамбовская область,298,29,0,24.04.2020
Орловская область,296,10,2,24.04.2020
Воронежская область,291,38,7,24.04.2020
Кировская область,276,27,3,24.04.2020
Республика Северная Осетия — Алания,275,18,2,24.04.2020
Ямало-Ненецкий автономный округ,266,35,1,24.04.2020
Липецкая область,263,62,2,24.04.2020
Смоленская область,262,15,2,24.04.2020
Ульяновская область,253,5,3,24.04.2020
Ивановская область,247,41,2,24.04.2020
Саратовская область,245,30,0,24.04.2020
Кабардино-Балкарская Республика,243,15,1,24.04.2020
Пензенская область,232,6,5,24.04.2020
Приморский край,220,23,2,24.04.2020
Ханты-Мансийский АО,217,39,1,24.04.2020
Новосибирская область,209,24,4,24.04.2020
Белгородская область,202,16,2,24.04.2020
Карачаево-Черкесская Республика,194,1,0,24.04.2020
Калининградская область,189,48,1,24.04.2020
Волгоградская область,186,32,3,24.04.2020
Астраханская область,186,25,3,24.04.2020
Самарская область,185,19,0,24.04.2020
Удмуртская Республика,178,19,4,24.04.2020
Новгородская область,171,8,1,24.04.2020
Челябинская область ,168,43,0,24.04.2020
Республика Бурятия,167,62,2,24.04.2020
Алтайский край,152,15,0,24.04.2020
Республика Саха (Якутия),137,17,0,24.04.2020
Архангельская область,137,18,1,24.04.2020
Вологодская область,129,26,0,24.04.2020
Костромская область,120,11,2,24.04.2020
Республика Адыгея,117,32,3,24.04.2020
Республика Калмыкия,104,16,3,24.04.2020
Республика Хакасия,102,10,1,24.04.2020
Камчатский край,84,5,0,24.04.2020
Псковская область,81,9,6,24.04.2020
Иркутская область,80,23,3,24.04.2020
Еврейская автономная область,80,9,0,24.04.2020
Магаданская область,78,2,0,24.04.2020
Кемеровская область,76,11,1,24.04.2020
Забайкальский край,73,7,0,24.04.2020
Томская область,59,4,0,24.04.2020
Омская область,54,19,0,24.04.2020
Республика Крым,53,29,0,24.04.2020
Республика Карелия,37,3,0,24.04.2020
Амурская область,28,5,0,24.04.2020
Севастополь,25,5,0,24.04.2020
Курганская область,22,3,0,24.04.2020
Сахалинская область,20,8,0,24.04.2020
Республика Тыва,15,0,0,24.04.2020
Чукотский автономный округ,11,0,0,24.04.2020
Республика Алтай,9,0,0,24.04.2020
Ненецкий автономный округ,1,0,0,24.04.2020
Москва,39509,3047,366,25.04.2020
Московская область,8494,262,69,25.04.2020
Санкт-Петербург,2926,460,23,25.04.2020
Нижегородская область,1214,92,8,25.04.2020
Мурманская область,856,70,4,25.04.2020
Республика Дагестан,724,43,11,25.04.2020
Краснодарский край,707,118,18,25.04.2020
Ленинградская область,658,56,0,25.04.2020
Ростовская область,584,18,0,25.04.2020
Тульская область,578,57,4,25.04.2020
Республика Коми,561,28,4,25.04.2020
Рязанская область,539,38,0,25.04.2020
Брянская область,521,84,2,25.04.2020
Республика Ингушетия,515,67,13,25.04.2020
Калужская область,513,17,8,25.04.2020
Республика Татарстан,491,48,0,25.04.2020
Республика Башкортостан,490,57,14,25.04.2020
Республика Мордовия,469,18,2,25.04.2020
Красноярский край,467,51,5,25.04.2020
Тверская область,441,24,0,25.04.2020
Владимирская область,426,11,5,25.04.2020
Республика Марий Эл,407,46,1,25.04.2020
Курская область,389,38,4,25.04.2020
Чеченская Республика,387,23,6,25.04.2020
Ставропольский край,385,50,5,25.04.2020
Республика Чувашия,383,31,7,25.04.2020
Хабаровский край,379,22,5,25.04.2020
Тюменская область,374,50,3,25.04.2020
Пермский край,373,52,4,25.04.2020
Оренбургская область,361,55,2,25.04.2020
Тамбовская область,343,37,1,25.04.2020
Ярославская область,342,23,2,25.04.2020
Свердловская область,337,82,1,25.04.2020
Орловская область,321,10,2,25.04.2020
Кировская область,316,29,3,25.04.2020
Воронежская область,313,38,8,25.04.2020
Республика Северная Осетия — Алания,305,35,2,25.04.2020
Ямало-Ненецкий автономный округ,303,35,1,25.04.2020
Липецкая область,284,64,2,25.04.2020
Ульяновская область,280,5,3,25.04.2020
Смоленская область,279,15,2,25.04.2020
Кабардино-Балкарская Республика,272,21,1,25.04.2020
Саратовская область,265,34,2,25.04.2020
Ивановская область,263,41,2,25.04.2020
Пензенская область,255,30,6,25.04.2020
Приморский край,254,32,2,25.04.2020
Новосибирская область,247,24,4,25.04.2020
Карачаево-Черкесская Республика,240,1,0,25.04.2020
Челябинская область ,240,45,0,25.04.2020
Ханты-Мансийский АО,233,44,1,25.04.2020
Белгородская область,221,28,2,25.04.2020
Алтайский край,215,18,1,25.04.2020
Волгоградская область,212,34,5,25.04.2020
Астраханская область,211,29,4,25.04.2020
Калининградская область,210,49,1,25.04.2020
Самарская область,209,22,0,25.04.2020
Удмуртская Республика,193,19,4,25.04.2020
Новгородская область,186,14,1,25.04.2020
Республика Бурятия,180,62,2,25.04.2020
Республика Хакасия,151,10,2,25.04.2020
Архангельская область,147,18,1,25.04.2020
Республика Саха (Якутия),141,18,0,25.04.2020
Вологодская область,138,29,0,25.04.2020
Костромская область,137,11,3,25.04.2020
Республика Калмыкия,122,19,3,25.04.2020
Республика Адыгея,119,32,3,25.04.2020
Псковская область,93,9,6,25.04.2020
Камчатский край,87,5,0,25.04.2020
Магаданская область,87,2,0,25.04.2020
Еврейская автономная область,86,9,0,25.04.2020
Иркутская область,85,25,3,25.04.2020
Забайкальский край,83,13,0,25.04.2020
Кемеровская область,82,11,1,25.04.2020
Томская область,66,4,0,25.04.2020
Омская область,58,19,1,25.04.2020
Республика Крым,57,29,0,25.04.2020
Республика Карелия,42,4,0,25.04.2020
Амурская область,33,5,0,25.04.2020
Курганская область,27,4,0,25.04.2020
Севастополь,26,6,0,25.04.2020
Республика Тыва,24,0,0,25.04.2020
Сахалинская область,20,13,0,25.04.2020
Республика Алтай,14,0,0,25.04.2020
Чукотский автономный округ,12,1,0,25.04.2020
Ненецкий автономный округ,1,1,0,25.04.2020
Москва,42480,3175,404,26.04.2020
Московская область,9070,272,71,26.04.2020
Санкт-Петербург,3077,489,27,26.04.2020
Нижегородская область,1367,109,8,26.04.2020
Мурманская область,961,71,4,26.04.2020
Республика Дагестан,827,48,11,26.04.2020
Краснодарский край,780,122,19,26.04.2020
Ленинградская область,700,56,0,26.04.2020
Ростовская область,649,37,1,26.04.2020
Тульская область,644,59,5,26.04.2020
Рязанская область,602,47,0,26.04.2020
Брянская область,599,90,3,26.04.2020
Калужская область,583,25,8,26.04.2020
Республика Коми,578,52,5,26.04.2020
Республика Татарстан,562,51,0,26.04.2020
Республика Ингушетия,552,75,13,26.04.2020
Республика Башкортостан,527,59,14,26.04.2020
Республика Мордовия,518,36,2,26.04.2020
Красноярский край,508,59,5,26.04.2020
Владимирская область,475,11,5,26.04.2020
Тверская область,464,24,1,26.04.2020
Курская область,456,38,4,26.04.2020
Пермский край,434,52,4,26.04.2020
Республика Марий Эл,431,46,3,26.04.2020
Республика Чувашия,421,31,8,26.04.2020
Ставропольский край,421,58,6,26.04.2020
Чеченская Республика,409,23,6,26.04.2020
Хабаровский край,406,22,5,26.04.2020
Тамбовская область,399,47,1,26.04.2020
Свердловская область,395,87,1,26.04.2020
Тюменская область,386,58,3,26.04.2020
Ярославская область,384,23,2,26.04.2020
Оренбургская область,377,58,2,26.04.2020
Орловская область,363,32,2,26.04.2020
Кировская область,362,37,3,26.04.2020
Ямало-Ненецкий автономный округ,348,35,1,26.04.2020
Республика Северная Осетия — Алания,348,35,2,26.04.2020
Воронежская область,338,42,8,26.04.2020
Ульяновская область,307,5,3,26.04.2020
Липецкая область,306,64,2,26.04.2020
Саратовская область,305,38,2,26.04.2020
Новосибирская область,305,39,4,26.04.2020
Челябинская область ,302,47,0,26.04.2020
Кабардино-Балкарская Республика,300,21,1,26.04.2020
Смоленская область,289,15,2,26.04.2020
Алтайский край,283,22,2,26.04.2020
Карачаево-Черкесская Республика,282,4,1,26.04.2020
Приморский край,278,33,3,26.04.2020
Астраханская область,277,42,4,26.04.2020
Ивановская область,274,70,2,26.04.2020
Ханты-Мансийский АО,274,53,1,26.04.2020
Пензенская область,261,56,6,26.04.2020
Волгоградская область,242,37,6,26.04.2020
Белгородская область,242,31,2,26.04.2020
Калининградская область,236,59,3,26.04.2020
Самарская область,229,26,2,26.04.2020
Новгородская область,211,14,2,26.04.2020
Удмуртская Республика,202,19,4,26.04.2020
Республика Бурятия,186,69,2,26.04.2020
Республика Хакасия,176,15,2,26.04.2020
Архангельская область,167,22,1,26.04.2020
Республика Саха (Якутия),152,18,0,26.04.2020
Костромская область,148,11,3,26.04.2020
Республика Калмыкия,146,19,3,26.04.2020
Вологодская область,145,33,0,26.04.2020
Республика Адыгея,134,32,3,26.04.2020
Псковская область,110,9,7,26.04.2020
Камчатский край,110,5,0,26.04.2020
Кемеровская область,103,11,1,26.04.2020
Забайкальский край,90,13,0,26.04.2020
Магаданская область,88,2,0,26.04.2020
Иркутская область,87,25,4,26.04.2020
Еврейская автономная область,86,9,0,26.04.2020
Республика Крым,67,29,0,26.04.2020
Томская область,67,4,0,26.04.2020
Омская область,62,20,2,26.04.2020
Республика Карелия,44,5,0,26.04.2020
Амурская область,36,5,0,26.04.2020
Севастополь,31,6,0,26.04.2020
Курганская область,29,4,0,26.04.2020
Республика Тыва,27,0,0,26.04.2020
Сахалинская область,20,13,0,26.04.2020
Республика Алтай,15,0,0,26.04.2020
Чукотский автономный округ,15,1,0,26.04.2020
Ненецкий автономный округ,2,1,0,26.04.2020
Москва,45351,3524,435,27.04.2020
Московская область,9708,286,71,27.04.2020
Санкт-Петербург,3238,489,27,27.04.2020
Нижегородская область,1574,109,9,27.04.2020
Республика Дагестан,994,48,11,27.04.2020
Мурманская область,989,73,4,27.04.2020
Краснодарский край,837,125,19,27.04.2020
Ленинградская область,743,80,0,27.04.2020
Ростовская область,714,40,2,27.04.2020
Тульская область,713,59,5,27.04.2020
Рязанская область,687,47,3,27.04.2020
Брянская область,642,102,4,27.04.2020
Калужская область,639,26,8,27.04.2020
Республика Татарстан,632,54,0,27.04.2020
Республика Коми,590,52,5,27.04.2020
Республика Ингушетия,590,90,17,27.04.2020
Республика Башкортостан,570,72,14,27.04.2020
Республика Мордовия,560,36,2,27.04.2020
Красноярский край,527,59,5,27.04.2020
Курская область,525,46,4,27.04.2020
Владимирская область,518,11,5,27.04.2020
Тверская область,498,24,1,27.04.2020
Республика Чувашия,463,44,8,27.04.2020
Республика Марий Эл,462,46,3,27.04.2020
Тамбовская область,460,48,1,27.04.2020
Свердловская область,454,88,1,27.04.2020
Ставропольский край,454,73,6,27.04.2020
Пермский край,454,61,4,27.04.2020
Хабаровский край,439,22,5,27.04.2020
Чеченская Республика,429,23,6,27.04.2020
Ярославская область,409,26,3,27.04.2020
Орловская область,407,32,2,27.04.2020
Республика Северная Осетия — Алания,401,57,2,27.04.2020
Тюменская область,399,61,3,27.04.2020
Оренбургская область,391,58,2,27.04.2020
Кировская область,388,38,3,27.04.2020
Ямало-Ненецкий автономный округ,375,35,1,27.04.2020
Челябинская область ,360,47,0,27.04.2020
Воронежская область,358,57,8,27.04.2020
Новосибирская область,347,39,4,27.04.2020
Ульяновская область,331,5,4,27.04.2020
Липецкая область,330,65,2,27.04.2020
Кабардино-Балкарская Республика,329,28,1,27.04.2020
Саратовская область,327,39,2,27.04.2020
Смоленская область,324,26,2,27.04.2020
Алтайский край,310,29,1,27.04.2020
Приморский край,302,33,3,27.04.2020
Карачаево-Черкесская Республика,301,4,2,27.04.2020
Астраханская область,298,44,4,27.04.2020
Ханты-Мансийский АО,297,55,2,27.04.2020
Пензенская область,283,58,6,27.04.2020
Ивановская область,282,70,2,27.04.2020
Волгоградская область,272,37,8,27.04.2020
Белгородская область,269,31,2,27.04.2020
Калининградская область,264,59,3,27.04.2020
Самарская область,264,26,2,27.04.2020
Новгородская область,244,14,2,27.04.2020
Республика Бурятия,209,69,2,27.04.2020
Удмуртская Республика,207,19,5,27.04.2020
Камчатский край,195,5,0,27.04.2020
Республика Хакасия,184,15,2,27.04.2020
Архангельская область,175,22,1,27.04.2020
Республика Саха (Якутия),159,18,1,27.04.2020
Костромская область,158,11,3,27.04.2020
Республика Калмыкия,158,19,3,27.04.2020
Вологодская область,155,33,0,27.04.2020
Республика Адыгея,142,32,3,27.04.2020
Псковская область,124,13,8,27.04.2020
Кемеровская область,107,12,1,27.04.2020
Еврейская автономная область,101,9,0,27.04.2020
Забайкальский край,96,14,0,27.04.2020
Магаданская область,91,2,0,27.04.2020
Иркутская область,87,25,4,27.04.2020
Томская область,76,11,0,27.04.2020
Омская область,71,20,1,27.04.2020
Республика Крым,69,29,0,27.04.2020
Республика Карелия,56,5,0,27.04.2020
Амурская область,40,5,0,27.04.2020
Севастополь,34,7,0,27.04.2020
Курганская область,31,4,0,27.04.2020
Республика Тыва,30,0,0,27.04.2020
Республика Алтай,27,0,0,27.04.2020
Сахалинская область,21,15,0,27.04.2020
Чукотский автономный округ,17,1,0,27.04.2020
Ненецкий автономный округ,11,1,0,27.04.2020
Москва,48426,4130,479,28.04.2020
Московская область,10231,311,74,28.04.2020
Санкт-Петербург,3436,544,27,28.04.2020
Нижегородская область,1663,109,9,28.04.2020
Республика Дагестан,1147,76,11,28.04.2020
Мурманская область,1056,88,4,28.04.2020
Краснодарский край,888,132,19,28.04.2020
Рязанская область,788,47,3,28.04.2020
Тульская область,783,59,5,28.04.2020
Ленинградская область,781,105,0,28.04.2020
Ростовская область,778,89,2,28.04.2020
Калужская область,706,30,12,28.04.2020
Республика Татарстан,697,72,0,28.04.2020
Брянская область,668,102,4,28.04.2020
Республика Ингушетия,633,97,18,28.04.2020
Республика Башкортостан,631,80,14,28.04.2020
Владимирская область,597,11,5,28.04.2020
Республика Коми,597,52,5,28.04.2020
Республика Мордовия,592,36,2,28.04.2020
Курская область,590,46,4,28.04.2020
Красноярский край,574,64,7,28.04.2020
Республика Северная Осетия — Алания,549,57,2,28.04.2020
Свердловская область,539,88,1,28.04.2020
Тверская область,507,35,1,28.04.2020
Республика Чувашия,502,44,8,28.04.2020
Республика Марий Эл,500,81,3,28.04.2020
Тамбовская область,493,50,1,28.04.2020
Ставропольский край,491,73,6,28.04.2020
Пермский край,471,67,4,28.04.2020
Хабаровский край,467,25,5,28.04.2020
Орловская область,460,38,2,28.04.2020
Ярославская область,456,26,3,28.04.2020
Оренбургская область,456,82,2,28.04.2020
Чеченская Республика,447,79,7,28.04.2020
Кировская область,423,38,3,28.04.2020
Воронежская область,420,57,8,28.04.2020
Челябинская область ,408,47,0,28.04.2020
Новосибирская область,407,53,4,28.04.2020
Тюменская область,404,61,3,28.04.2020
Ямало-Ненецкий автономный округ,387,39,1,28.04.2020
Смоленская область,369,26,3,28.04.2020
Кабардино-Балкарская Республика,367,28,1,28.04.2020
Ульяновская область,360,10,4,28.04.2020
Саратовская область,359,39,2,28.04.2020
Липецкая область,356,65,4,28.04.2020
Приморский край,347,33,3,28.04.2020
Ханты-Мансийский АО,338,59,2,28.04.2020
Алтайский край,324,34,1,28.04.2020
Пензенская область,322,58,7,28.04.2020
Карачаево-Черкесская Республика,314,6,2,28.04.2020
Астраханская область,306,55,4,28.04.2020
Калининградская область,303,66,3,28.04.2020
Белгородская область,299,31,3,28.04.2020
Волгоградская область,297,44,8,28.04.2020
Ивановская область,296,70,2,28.04.2020
Самарская область,272,27,5,28.04.2020
Новгородская область,254,18,2,28.04.2020
Республика Бурятия,227,70,2,28.04.2020
Удмуртская Республика,212,19,6,28.04.2020
Республика Хакасия,206,17,7,28.04.2020
Камчатский край,203,6,0,28.04.2020
Архангельская область,181,29,1,28.04.2020
Костромская область,180,12,3,28.04.2020
Республика Калмыкия,167,24,3,28.04.2020
Республика Саха (Якутия),166,18,1,28.04.2020
Вологодская область,160,41,0,28.04.2020
Республика Адыгея,150,32,3,28.04.2020
Псковская область,128,14,8,28.04.2020
Еврейская автономная область,113,9,0,28.04.2020
Кемеровская область,111,12,2,28.04.2020
Забайкальский край,103,14,0,28.04.2020
Иркутская область,95,33,4,28.04.2020
Магаданская область,92,3,2,28.04.2020
Омская область,82,21,1,28.04.2020
Томская область,81,11,0,28.04.2020
Республика Крым,70,29,0,28.04.2020
Республика Карелия,62,5,0,28.04.2020
Амурская область,41,10,0,28.04.2020
Севастополь,37,7,0,28.04.2020
Курганская область,33,4,0,28.04.2020
Республика Тыва,31,8,0,28.04.2020
Ненецкий автономный округ,29,1,0,28.04.2020
Республика Алтай,27,0,0,28.04.2020
Сахалинская область,22,17,0,28.04.2020
Чукотский автономный округ,17,1,0,28.04.2020
Москва,50646,4610,546,29.04.2020
Московская область,10917,389,90,29.04.2020
Санкт-Петербург,3726,708,29,29.04.2020
Нижегородская область,1794,177,11,29.04.2020
Республика Дагестан,1231,88,12,29.04.2020
Мурманская область,1126,98,4,29.04.2020
Краснодарский край,951,208,20,29.04.2020
Тульская область,873,79,6,29.04.2020
Ростовская область,864,89,3,29.04.2020
Рязанская область,840,47,3,29.04.2020
Ленинградская область,834,115,1,29.04.2020
Брянская область,783,163,4,29.04.2020
Калужская область,772,32,12,29.04.2020
Республика Татарстан,752,78,1,29.04.2020
Республика Башкортостан,691,80,14,29.04.2020
Республика Ингушетия,679,102,19,29.04.2020
Республика Северная Осетия — Алания,670,72,2,29.04.2020
Республика Мордовия,659,49,3,29.04.2020
Курская область,658,66,4,29.04.2020
Владимирская область,634,32,5,29.04.2020
Свердловская область,629,96,1,29.04.2020
Республика Коми,611,63,5,29.04.2020
Красноярский край,609,64,7,29.04.2020
Республика Чувашия,539,70,8,29.04.2020
Тамбовская область,537,77,1,29.04.2020
Республика Марий Эл,535,274,2,29.04.2020
Ставропольский край,519,81,10,29.04.2020
Тверская область,518,39,1,29.04.2020
Орловская область,498,59,3,29.04.2020
Хабаровский край,498,53,5,29.04.2020
Оренбургская область,493,108,3,29.04.2020
Ярославская область,483,43,4,29.04.2020
Пермский край,481,87,5,29.04.2020
Кировская область,466,41,4,29.04.2020
Чеченская Республика,465,79,7,29.04.2020
Воронежская область,459,57,8,29.04.2020
Новосибирская область,436,63,4,29.04.2020
Челябинская область ,427,49,1,29.04.2020
Тюменская область,420,88,3,29.04.2020
Кабардино-Балкарская Республика,412,50,2,29.04.2020
Ямало-Ненецкий автономный округ,409,101,1,29.04.2020
Смоленская область,403,26,3,29.04.2020
Саратовская область,392,49,2,29.04.2020
Липецкая область,384,67,2,29.04.2020
Ульяновская область,379,15,4,29.04.2020
Приморский край,367,33,3,29.04.2020
Ханты-Мансийский АО,366,67,2,29.04.2020
Пензенская область,364,96,7,29.04.2020
Астраханская область,350,60,4,29.04.2020
Алтайский край,348,45,1,29.04.2020
Карачаево-Черкесская Республика,330,14,2,29.04.2020
Белгородская область,327,38,3,29.04.2020
Ивановская область,327,70,2,29.04.2020
Самарская область,327,33,5,29.04.2020
Калининградская область,326,66,3,29.04.2020
Волгоградская область,313,46,8,29.04.2020
Новгородская область,266,22,2,29.04.2020
Республика Бурятия,245,83,2,29.04.2020
Камчатский край,241,14,0,29.04.2020
Республика Хакасия,228,20,7,29.04.2020
Удмуртская Республика,217,28,6,29.04.2020
Костромская область,193,25,3,29.04.2020
Архангельская область,185,45,1,29.04.2020
Республика Калмыкия,183,37,3,29.04.2020
Республика Саха (Якутия),183,25,2,29.04.2020
Вологодская область,166,45,0,29.04.2020
Республика Адыгея,154,37,3,29.04.2020
Псковская область,142,14,8,29.04.2020
Еврейская автономная область,118,9,0,29.04.2020
Кемеровская область,114,12,2,29.04.2020
Забайкальский край,109,25,0,29.04.2020
Иркутская область,101,37,4,29.04.2020
Магаданская область,99,3,2,29.04.2020
Омская область,87,22,2,29.04.2020
Томская область,87,19,0,29.04.2020
Республика Крым,79,34,0,29.04.2020
Севастополь,77,9,0,29.04.2020
Республика Карелия,63,7,0,29.04.2020
Амурская область,46,10,0,29.04.2020
Курганская область,39,9,0,29.04.2020
Республика Тыва,31,25,0,29.04.2020
Ненецкий автономный округ,30,1,0,29.04.2020
Республика Алтай,30,0,0,29.04.2020
Сахалинская область,22,19,0,29.04.2020
Чукотский автономный округ,17,1,0,29.04.2020
Москва,53739,5135,611,30.04.2020
Московская область,11710,430,93,30.04.2020
Санкт-Петербург,4062,779,29,30.04.2020
Нижегородская область,1944,226,12,30.04.2020
Республика Дагестан,1389,112,12,30.04.2020
Мурманская область,1227,98,4,30.04.2020
Краснодарский край,1017,251,20,30.04.2020
Тульская область,965,96,7,30.04.2020
Ростовская область,943,89,6,30.04.2020
Брянская область,901,222,8,30.04.2020
Ленинградская область,885,115,1,30.04.2020
Калужская область,885,44,12,30.04.2020
Рязанская область,880,47,3,30.04.2020
Республика Татарстан,823,83,1,30.04.2020
Республика Башкортостан,766,120,14,30.04.2020
Республика Северная Осетия — Алания,763,72,3,30.04.2020
Курская область,726,75,4,30.04.2020
Республика Ингушетия,722,105,20,30.04.2020
Свердловская область,703,102,1,30.04.2020
Республика Мордовия,698,72,3,30.04.2020
Владимирская область,669,32,5,30.04.2020
Красноярский край,666,64,8,30.04.2020
Республика Коми,621,64,5,30.04.2020
Тамбовская область,612,93,2,30.04.2020
Республика Чувашия,586,97,8,30.04.2020
Республика Марий Эл,566,304,2,30.04.2020
Ставропольский край,562,81,14,30.04.2020
Хабаровский край,536,73,5,30.04.2020
Тверская область,535,51,3,30.04.2020
Орловская область,525,67,5,30.04.2020
Оренбургская область,520,119,3,30.04.2020
Ярославская область,506,43,4,30.04.2020
Пермский край,500,91,7,30.04.2020
Челябинская область ,494,54,1,30.04.2020
Кировская область,493,42,4,30.04.2020
Воронежская область,493,74,9,30.04.2020
Чеченская Республика,485,127,7,30.04.2020
Новосибирская область,471,78,4,30.04.2020
Ямало-Ненецкий автономный округ,463,105,1,30.04.2020
Кабардино-Балкарская Республика,456,62,2,30.04.2020
Саратовская область,438,49,2,30.04.2020
Тюменская область,435,95,3,30.04.2020
Смоленская область,429,26,3,30.04.2020
Липецкая область,415,84,2,30.04.2020
Ульяновская область,406,48,4,30.04.2020
Пензенская область,404,116,7,30.04.2020
Приморский край,403,33,3,30.04.2020
Ханты-Мансийский АО,387,80,3,30.04.2020
Алтайский край,382,45,1,30.04.2020
Самарская область,367,36,5,30.04.2020
Астраханская область,365,75,4,30.04.2020
Ивановская область,359,79,3,30.04.2020
Калининградская область,358,66,3,30.04.2020
Белгородская область,355,40,4,30.04.2020
Карачаево-Черкесская Республика,352,14,2,30.04.2020
Волгоградская область,344,46,8,30.04.2020
Новгородская область,279,22,2,30.04.2020
Республика Бурятия,271,88,3,30.04.2020
Камчатский край,265,17,0,30.04.2020
Республика Хакасия,232,20,7,30.04.2020
Удмуртская Республика,228,31,8,30.04.2020
Костромская область,211,29,3,30.04.2020
Республика Саха (Якутия),207,27,3,30.04.2020
Архангельская область,198,46,1,30.04.2020
Республика Калмыкия,192,38,3,30.04.2020
Вологодская область,173,45,0,30.04.2020
Республика Адыгея,163,48,3,30.04.2020
Псковская область,149,17,8,30.04.2020
Кемеровская область,126,18,2,30.04.2020
Еврейская автономная область,124,9,0,30.04.2020
Забайкальский край,114,26,0,30.04.2020
Иркутская область,105,39,4,30.04.2020
Магаданская область,101,3,2,30.04.2020
Омская область,97,24,3,30.04.2020
Республика Крым,89,35,0,30.04.2020
Томская область,89,21,0,30.04.2020
Севастополь,78,9,0,30.04.2020
Республика Карелия,66,10,0,30.04.2020
Амурская область,56,10,1,30.04.2020
Курганская область,40,11,0,30.04.2020
Ненецкий автономный округ,33,1,0,30.04.2020
Республика Тыва,33,29,0,30.04.2020
Республика Алтай,32,0,0,30.04.2020
Сахалинская область,23,19,0,30.04.2020
Чукотский автономный округ,18,1,0,30.04.2020
Москва,57300,5766,658,01.05.2020
Московская область,12507,458,109,01.05.2020
Санкт-Петербург,4411,779,33,01.05.2020
Нижегородская область,2123,289,14,01.05.2020
Республика Дагестан,1553,114,12,01.05.2020
Мурманская область,1313,113,4,01.05.2020
Краснодарский край,1083,277,20,01.05.2020
Тульская область,1047,121,7,01.05.2020
Ростовская область,1026,98,9,01.05.2020
Калужская область,1006,54,12,01.05.2020
Брянская область,989,240,9,01.05.2020
Свердловская область,935,102,1,01.05.2020
Ленинградская область,929,126,3,01.05.2020
Рязанская область,923,64,5,01.05.2020
Республика Татарстан,894,88,1,01.05.2020
Республика Башкортостан,843,167,14,01.05.2020
Республика Северная Осетия — Алания,836,84,4,01.05.2020
Курская область,792,94,4,01.05.2020
Республика Ингушетия,769,129,22,01.05.2020
Республика Мордовия,728,86,3,01.05.2020
Владимирская область,715,37,7,01.05.2020
Красноярский край,714,124,9,01.05.2020
Тамбовская область,675,106,2,01.05.2020
Ставропольский край,651,101,14,01.05.2020
Республика Коми,649,64,5,01.05.2020
Республика Чувашия,627,117,8,01.05.2020
Республика Марий Эл,597,332,3,01.05.2020
Ярославская область,570,63,5,01.05.2020
Оренбургская область,569,179,3,01.05.2020
Хабаровский край,566,73,5,01.05.2020
Тверская область,564,74,3,01.05.2020
Орловская область,562,82,5,01.05.2020
Челябинская область ,538,57,1,01.05.2020
Воронежская область,529,74,9,01.05.2020
Новосибирская область,526,80,5,01.05.2020
Пермский край,524,95,7,01.05.2020
Ямало-Ненецкий автономный округ,514,116,1,01.05.2020
Кировская область,511,46,4,01.05.2020
Чеченская Республика,504,231,7,01.05.2020
Кабардино-Балкарская Республика,499,78,2,01.05.2020
Саратовская область,487,52,2,01.05.2020
Смоленская область,455,27,3,01.05.2020
Пензенская область,448,132,7,01.05.2020
Липецкая область,446,89,2,01.05.2020
Тюменская область,442,109,3,01.05.2020
Приморский край,430,59,4,01.05.2020
Ульяновская область,429,65,4,01.05.2020
Алтайский край,423,55,1,01.05.2020
Ханты-Мансийский АО,405,80,3,01.05.2020
Ивановская область,403,79,3,01.05.2020
Карачаево-Черкесская Республика,398,14,2,01.05.2020
Калининградская область,395,73,5,01.05.2020
Самарская область,392,52,5,01.05.2020
Волгоградская область,386,66,8,01.05.2020
Астраханская область,384,81,4,01.05.2020
Белгородская область,383,47,5,01.05.2020
Новгородская область,297,26,2,01.05.2020
Республика Бурятия,297,94,4,01.05.2020
Камчатский край,281,19,0,01.05.2020
Республика Хакасия,257,22,7,01.05.2020
Удмуртская Республика,237,31,8,01.05.2020
Республика Калмыкия,231,39,3,01.05.2020
Республика Саха (Якутия),229,29,3,01.05.2020
Костромская область,227,33,3,01.05.2020
Архангельская область,213,51,5,01.05.2020
Вологодская область,184,50,0,01.05.2020
Республика Адыгея,165,48,3,01.05.2020
Псковская область,153,17,8,01.05.2020
Забайкальский край,134,39,0,01.05.2020
Еврейская автономная область,131,13,0,01.05.2020
Кемеровская область,128,19,2,01.05.2020
Иркутская область,123,50,4,01.05.2020
Магаданская область,110,3,2,01.05.2020
Омская область,107,26,3,01.05.2020
Томская область,97,24,1,01.05.2020
Республика Крым,92,35,0,01.05.2020
Севастополь,85,9,0,01.05.2020
Республика Карелия,74,11,0,01.05.2020
Амурская область,67,12,1,01.05.2020
Курганская область,45,11,0,01.05.2020
Республика Тыва,39,29,0,01.05.2020
Ненецкий автономный округ,34,1,0,01.05.2020
Республика Алтай,33,0,0,01.05.2020
Сахалинская область,24,19,0,01.05.2020
Чукотский автономный округ,20,2,0,01.05.2020
Москва,62658,6374,695,02.05.2020
Московская область,13314,503,109,02.05.2020
Санкт-Петербург,4734,877,33,02.05.2020
Нижегородская область,2443,318,14,02.05.2020
Республика Дагестан,1662,170,12,02.05.2020
Мурманская область,1456,116,4,02.05.2020
Краснодарский край,1162,319,20,02.05.2020
Тульская область,1135,138,7,02.05.2020
Ростовская область,1106,101,9,02.05.2020
Калужская область,1065,95,12,02.05.2020
Брянская область,1062,261,9,02.05.2020
Рязанская область,1021,64,5,02.05.2020
Свердловская область,1016,120,1,02.05.2020
Ленинградская область,975,170,3,02.05.2020
Республика Татарстан,960,100,2,02.05.2020
Республика Башкортостан,935,176,14,02.05.2020
Республика Северная Осетия — Алания,921,86,4,02.05.2020
Курская область,861,103,4,02.05.2020
Республика Ингушетия,814,152,23,02.05.2020
Владимирская область,775,37,7,02.05.2020
Республика Мордовия,765,94,3,02.05.2020
Красноярский край,764,146,9,02.05.2020
Тамбовская область,729,110,2,02.05.2020
Республика Чувашия,676,131,8,02.05.2020
Ставропольский край,676,116,14,02.05.2020
Республика Коми,656,91,5,02.05.2020
Ярославская область,634,64,5,02.05.2020
Республика Марий Эл,628,373,3,02.05.2020
Тверская область,610,74,3,02.05.2020
Хабаровский край,595,99,7,02.05.2020
Орловская область,594,88,6,02.05.2020
Оренбургская область,591,190,4,02.05.2020
Новосибирская область,569,105,7,02.05.2020
Челябинская область ,568,66,2,02.05.2020
Воронежская область,565,84,9,02.05.2020
Ямало-Ненецкий автономный округ,557,118,1,02.05.2020
Пермский край,556,161,9,02.05.2020
Кабардино-Балкарская Республика,544,91,2,02.05.2020
Кировская область,543,59,4,02.05.2020
Саратовская область,535,73,3,02.05.2020
Чеченская Республика,525,276,8,02.05.2020
Смоленская область,499,69,3,02.05.2020
Пензенская область,481,148,7,02.05.2020
Липецкая область,481,89,2,02.05.2020
Ульяновская область,461,78,4,02.05.2020
Тюменская область,458,140,3,02.05.2020
Приморский край,455,61,4,02.05.2020
Алтайский край,451,69,1,02.05.2020
Калининградская область,438,98,6,02.05.2020
Ивановская область,434,85,3,02.05.2020
Самарская область,433,53,5,02.05.2020
Волгоградская область,432,88,9,02.05.2020
Белгородская область,419,47,5,02.05.2020
Ханты-Мансийский АО,414,112,3,02.05.2020
Карачаево-Черкесская Республика,412,15,2,02.05.2020
Астраханская область,411,83,4,02.05.2020
Республика Бурятия,325,96,4,02.05.2020
Новгородская область,322,31,2,02.05.2020
Камчатский край,286,22,0,02.05.2020
Республика Хакасия,266,22,7,02.05.2020
Республика Саха (Якутия),263,35,3,02.05.2020
Республика Калмыкия,254,41,4,02.05.2020
Удмуртская Республика,244,45,9,02.05.2020
Костромская область,241,42,3,02.05.2020
Архангельская область,238,69,1,02.05.2020
Вологодская область,199,65,0,02.05.2020
Псковская область,177,19,8,02.05.2020
Республика Адыгея,168,49,5,02.05.2020
Забайкальский край,155,49,0,02.05.2020
Кемеровская область,142,19,2,02.05.2020
Еврейская автономная область,134,13,0,02.05.2020
Иркутская область,130,53,4,02.05.2020
Омская область,116,26,3,02.05.2020
Магаданская область,114,34,2,02.05.2020
Томская область,102,24,1,02.05.2020
Республика Крым,100,38,0,02.05.2020
Севастополь,86,10,1,02.05.2020
Республика Карелия,81,11,0,02.05.2020
Амурская область,72,13,1,02.05.2020
Курганская область,49,11,0,02.05.2020
Республика Тыва,40,29,0,02.05.2020
Республика Алтай,35,1,0,02.05.2020
Ненецкий автономный округ,34,1,0,02.05.2020
Сахалинская область,24,19,0,02.05.2020
Чукотский автономный округ,23,2,0,02.05.2020
Москва,68606,7029,729,03.05.2020
Московская область,14136,507,111,03.05.2020
Санкт-Петербург,5029,1061,34,03.05.2020
Нижегородская область,2695,346,16,03.05.2020
Республика Дагестан,1798,183,13,03.05.2020
Мурманская область,1694,122,4,03.05.2020
Краснодарский край,1244,372,20,03.05.2020
Тульская область,1218,143,8,03.05.2020
Ростовская область,1178,112,9,03.05.2020
Брянская область,1148,276,9,03.05.2020
Калужская область,1136,108,12,03.05.2020
Свердловская область,1091,126,1,03.05.2020
Рязанская область,1076,86,5,03.05.2020
Ленинградская область,1037,188,3,03.05.2020
Республика Татарстан,1031,115,2,03.05.2020
Республика Башкортостан,1022,183,14,03.05.2020
Республика Северная Осетия — Алания,990,86,6,03.05.2020
Курская область,928,126,4,03.05.2020
Республика Ингушетия,865,158,25,03.05.2020
Владимирская область,830,37,7,03.05.2020
Республика Мордовия,808,97,3,03.05.2020
Тамбовская область,789,113,2,03.05.2020
Красноярский край,781,153,11,03.05.2020
Республика Чувашия,731,134,8,03.05.2020
Ставропольский край,731,135,15,03.05.2020
Ярославская область,710,99,5,03.05.2020
Республика Коми,676,107,5,03.05.2020
Республика Марий Эл,668,397,4,03.05.2020
Орловская область,662,111,7,03.05.2020
Тверская область,661,74,3,03.05.2020
Кабардино-Балкарская Республика,634,101,2,03.05.2020
Челябинская область ,631,69,2,03.05.2020
Хабаровский край,629,117,7,03.05.2020
Новосибирская область,620,119,7,03.05.2020
Оренбургская область,619,217,4,03.05.2020
Ямало-Ненецкий автономный округ,608,129,3,03.05.2020
Воронежская область,602,113,9,03.05.2020
Пермский край,595,166,9,03.05.2020
Саратовская область,585,95,3,03.05.2020
Кировская область,585,72,4,03.05.2020
Чеченская Республика,553,286,8,03.05.2020
Липецкая область,520,106,2,03.05.2020
Самарская область,518,58,5,03.05.2020
Пензенская область,512,170,7,03.05.2020
Смоленская область,508,81,3,03.05.2020
Ульяновская область,499,83,4,03.05.2020
Алтайский край,498,76,1,03.05.2020
Тюменская область,495,161,3,03.05.2020
Приморский край,494,66,4,03.05.2020
Астраханская область,487,93,4,03.05.2020
Калининградская область,479,114,6,03.05.2020
Волгоградская область,474,88,10,03.05.2020
Ивановская область,456,87,4,03.05.2020
Белгородская область,454,59,5,03.05.2020
Ханты-Мансийский АО,449,118,3,03.05.2020
Карачаево-Черкесская Республика,430,22,2,03.05.2020
Республика Бурятия,355,102,4,03.05.2020
Новгородская область,348,39,2,03.05.2020
Камчатский край,311,30,0,03.05.2020
Республика Калмыкия,283,53,5,03.05.2020
Республика Саха (Якутия),282,39,4,03.05.2020
Республика Хакасия,272,22,7,03.05.2020
Удмуртская Республика,271,56,9,03.05.2020
Архангельская область,260,69,1,03.05.2020
Костромская область,253,45,3,03.05.2020
Вологодская область,219,68,0,03.05.2020
Псковская область,195,19,8,03.05.2020
Республика Адыгея,178,76,6,03.05.2020
Забайкальский край,167,53,0,03.05.2020
Кемеровская область,153,22,2,03.05.2020
Иркутская область,150,58,4,03.05.2020
Еврейская автономная область,143,13,0,03.05.2020
Омская область,127,27,3,03.05.2020
Томская область,119,27,1,03.05.2020
Магаданская область,116,34,2,03.05.2020
Республика Крым,104,38,0,03.05.2020
Севастополь,89,10,2,03.05.2020
Республика Карелия,85,13,0,03.05.2020
Амурская область,79,13,1,03.05.2020
Курганская область,51,11,0,03.05.2020
Ненецкий автономный округ,45,1,0,03.05.2020
Республика Тыва,43,29,0,03.05.2020
Республика Алтай,36,1,0,03.05.2020
Сахалинская область,26,19,0,03.05.2020
Чукотский автономный округ,24,2,0,03.05.2020
Москва,74401,7573,764,04.05.2020
Московская область,14939,526,111,04.05.2020
Санкт-Петербург,5346,1197,37,04.05.2020
Нижегородская область,2852,383,16,04.05.2020
Мурманская область,1974,154,4,04.05.2020
Республика Дагестан,1958,226,13,04.05.2020
Краснодарский край,1340,409,21,04.05.2020
Тульская область,1293,155,8,04.05.2020
Ростовская область,1263,123,10,04.05.2020
Брянская область,1250,294,12,04.05.2020
Калужская область,1217,128,12,04.05.2020
Свердловская область,1144,127,1,04.05.2020
Рязанская область,1137,88,5,04.05.2020
Республика Татарстан,1117,130,3,04.05.2020
Республика Башкортостан,1102,185,14,04.05.2020
Ленинградская область,1096,220,3,04.05.2020
Республика Северная Осетия — Алания,1069,86,6,04.05.2020
Курская область,997,126,4,04.05.2020
Республика Ингушетия,918,186,26,04.05.2020
Владимирская область,896,43,12,04.05.2020
Республика Мордовия,867,98,4,04.05.2020
Тамбовская область,842,114,2,04.05.2020
Красноярский край,823,157,11,04.05.2020
Республика Чувашия,795,134,8,04.05.2020
Ярославская область,789,100,5,04.05.2020
Ставропольский край,788,164,17,04.05.2020
Кабардино-Балкарская Республика,739,122,2,04.05.2020
Республика Марий Эл,717,416,4,04.05.2020
Ямало-Ненецкий автономный округ,712,129,3,04.05.2020
Оренбургская область,700,217,4,04.05.2020
Челябинская область ,682,74,3,04.05.2020
Республика Коми,682,111,7,04.05.2020
Орловская область,681,123,7,04.05.2020
Новосибирская область,681,150,9,04.05.2020
Тверская область,680,115,6,04.05.2020
Хабаровский край,668,122,7,04.05.2020
Саратовская область,659,99,3,04.05.2020
Воронежская область,636,131,11,04.05.2020
Пермский край,630,207,9,04.05.2020
Кировская область,618,80,4,04.05.2020
Чеченская Республика,583,286,8,04.05.2020
Самарская область,578,59,5,04.05.2020
Липецкая область,563,109,2,04.05.2020
Тюменская область,561,184,3,04.05.2020
Приморский край,547,73,4,04.05.2020
Пензенская область,539,175,8,04.05.2020
Алтайский край,534,82,2,04.05.2020
Ульяновская область,528,84,4,04.05.2020
Калининградская область,524,114,9,04.05.2020
Смоленская область,520,81,4,04.05.2020
Волгоградская область,516,91,12,04.05.2020
Астраханская область,504,101,4,04.05.2020
Ивановская область,485,92,5,04.05.2020
Белгородская область,485,66,5,04.05.2020
Ханты-Мансийский АО,467,135,4,04.05.2020
Карачаево-Черкесская Республика,441,35,2,04.05.2020
Республика Бурятия,373,105,4,04.05.2020
Новгородская область,372,43,2,04.05.2020
Камчатский край,339,36,0,04.05.2020
Республика Калмыкия,321,53,5,04.05.2020
Удмуртская Республика,314,63,10,04.05.2020
Республика Саха (Якутия),311,43,4,04.05.2020
Республика Хакасия,302,25,7,04.05.2020
Архангельская область,299,81,1,04.05.2020
Костромская область,266,60,3,04.05.2020
Вологодская область,223,75,0,04.05.2020
Забайкальский край,198,67,0,04.05.2020
Псковская область,196,19,8,04.05.2020
Республика Адыгея,185,98,6,04.05.2020
Иркутская область,177,62,4,04.05.2020
Кемеровская область,166,22,4,04.05.2020
Омская область,161,31,3,04.05.2020
Еврейская автономная область,145,15,0,04.05.2020
Томская область,128,27,1,04.05.2020
Магаданская область,116,35,2,04.05.2020
Республика Крым,105,39,0,04.05.2020
Севастополь,91,11,2,04.05.2020
Республика Карелия,89,13,0,04.05.2020
Амурская область,84,14,1,04.05.2020
Курганская область,52,16,0,04.05.2020
Республика Тыва,47,29,0,04.05.2020
Ненецкий автономный округ,47,1,0,04.05.2020
Республика Алтай,36,2,0,04.05.2020
Сахалинская область,28,19,0,04.05.2020
Чукотский автономный округ,24,2,0,04.05.2020
Москва,80115,7870,816,05.05.2020
Московская область,15761,576,127,05.05.2020
Санкт-Петербург,5572,1468,37,05.05.2020
Нижегородская область,3026,398,16,05.05.2020
Мурманская область,2101,154,4,05.05.2020
Республика Дагестан,2086,325,14,05.05.2020
Краснодарский край,1437,443,21,05.05.2020
Тульская область,1368,157,9,05.05.2020
Ростовская область,1353,147,11,05.05.2020
Калужская область,1309,161,12,05.05.2020
Брянская область,1287,313,12,05.05.2020
Свердловская область,1277,156,1,05.05.2020
Рязанская область,1226,89,5,05.05.2020
Республика Татарстан,1208,149,3,05.05.2020
Республика Северная Осетия — Алания,1160,158,7,05.05.2020
Ленинградская область,1149,258,3,05.05.2020
Республика Башкортостан,1136,255,14,05.05.2020
Курская область,1062,134,4,05.05.2020
Республика Ингушетия,966,190,26,05.05.2020
Владимирская область,944,43,12,05.05.2020
Республика Мордовия,923,121,5,05.05.2020
Тамбовская область,909,125,2,05.05.2020
Красноярский край,868,162,12,05.05.2020
Республика Чувашия,844,149,8,05.05.2020
Ярославская область,829,101,5,05.05.2020
Ставропольский край,824,188,18,05.05.2020
Кабардино-Балкарская Республика,820,136,3,05.05.2020
Ямало-Ненецкий автономный округ,820,131,3,05.05.2020
Челябинская область ,768,96,3,05.05.2020
Орловская область,756,135,7,05.05.2020
Республика Марий Эл,750,444,4,05.05.2020
Новосибирская область,746,179,9,05.05.2020
Саратовская область,737,106,3,05.05.2020
Оренбургская область,728,217,4,05.05.2020
Тверская область,709,183,8,05.05.2020
Хабаровский край,699,172,7,05.05.2020
Республика Коми,698,129,7,05.05.2020
Воронежская область,667,140,12,05.05.2020
Пермский край,648,218,9,05.05.2020
Кировская область,644,90,4,05.05.2020
Приморский край,635,105,7,05.05.2020
Чеченская Республика,615,306,8,05.05.2020
Липецкая область,610,112,2,05.05.2020
Самарская область,595,64,6,05.05.2020
Тюменская область,589,186,4,05.05.2020
Волгоградская область,578,109,12,05.05.2020
Пензенская область,569,193,8,05.05.2020
Калининградская область,566,123,11,05.05.2020
Алтайский край,555,109,3,05.05.2020
Ульяновская область,544,89,4,05.05.2020
Астраханская область,535,108,6,05.05.2020
Смоленская область,534,87,5,05.05.2020
Белгородская область,524,71,5,05.05.2020
Ивановская область,517,99,6,05.05.2020
Ханты-Мансийский АО,508,150,4,05.05.2020
Карачаево-Черкесская Республика,453,36,2,05.05.2020
Республика Бурятия,407,125,4,05.05.2020
Новгородская область,399,43,4,05.05.2020
Камчатский край,347,40,0,05.05.2020
Удмуртская Республика,332,66,10,05.05.2020
Республика Саха (Якутия),331,44,4,05.05.2020
Республика Калмыкия,322,53,5,05.05.2020
Республика Хакасия,318,32,8,05.05.2020
Архангельская область,305,112,1,05.05.2020
Костромская область,278,64,3,05.05.2020
Вологодская область,230,77,0,05.05.2020
Забайкальский край,215,78,0,05.05.2020
Псковская область,214,24,8,05.05.2020
Иркутская область,200,65,4,05.05.2020
Омская область,191,39,3,05.05.2020
Республика Адыгея,190,107,7,05.05.2020
Кемеровская область,166,25,4,05.05.2020
Еврейская автономная область,148,15,0,05.05.2020
Томская область,147,29,1,05.05.2020
Магаданская область,131,56,2,05.05.2020
Республика Крым,111,39,0,05.05.2020
Амурская область,98,14,1,05.05.2020
Севастополь,98,15,2,05.05.2020
Республика Карелия,91,17,0,05.05.2020
Курганская область,55,19,0,05.05.2020
Республика Тыва,51,29,0,05.05.2020
Ненецкий автономный округ,47,1,0,05.05.2020
Республика Алтай,37,2,0,05.05.2020
Сахалинская область,29,20,0,05.05.2020
Чукотский автономный округ,25,2,0,05.05.2020
Москва,85973,8458,866,06.05.2020
Московская область,16590,611,141,06.05.2020
Санкт-Петербург,5884,1532,40,06.05.2020
Нижегородская область,3298,422,16,06.05.2020
Республика Дагестан,2267,356,15,06.05.2020
Мурманская область,2237,161,4,06.05.2020
Краснодарский край,1534,467,21,06.05.2020
Тульская область,1445,187,9,06.05.2020
Ростовская область,1434,168,12,06.05.2020
Калужская область,1407,170,12,06.05.2020
Брянская область,1367,369,12,06.05.2020
Свердловская область,1353,193,3,06.05.2020
Рязанская область,1310,89,5,06.05.2020
Республика Татарстан,1310,168,3,06.05.2020
Республика Северная Осетия — Алания,1253,158,7,06.05.2020
Ленинградская область,1200,266,3,06.05.2020
Республика Башкортостан,1160,259,14,06.05.2020
Курская область,1129,176,4,06.05.2020
Республика Ингушетия,1018,198,27,06.05.2020
Владимирская область,1001,43,12,06.05.2020
Республика Мордовия,977,140,5,06.05.2020
Тамбовская область,971,134,2,06.05.2020
Кабардино-Балкарская Республика,925,147,3,06.05.2020
Ямало-Ненецкий автономный округ,925,137,3,06.05.2020
Красноярский край,910,162,12,06.05.2020
Республика Чувашия,892,161,8,06.05.2020
Ярославская область,880,128,11,06.05.2020
Ставропольский край,864,200,20,06.05.2020
Саратовская область,835,133,3,06.05.2020
Орловская область,813,139,7,06.05.2020
Челябинская область ,812,111,3,06.05.2020
Новосибирская область,809,184,11,06.05.2020
Республика Марий Эл,783,458,4,06.05.2020
Оренбургская область,767,217,4,06.05.2020
Тверская область,753,197,8,06.05.2020
Хабаровский край,738,204,7,06.05.2020
Республика Коми,726,129,7,06.05.2020
Воронежская область,697,148,12,06.05.2020
Приморский край,684,112,8,06.05.2020
Самарская область,676,72,6,06.05.2020
Пермский край,673,218,9,06.05.2020
Кировская область,661,103,4,06.05.2020
Тюменская область,658,215,4,06.05.2020
Липецкая область,656,148,2,06.05.2020
Волгоградская область,647,109,12,06.05.2020
Чеченская Республика,645,316,8,06.05.2020
Пензенская область,601,199,8,06.05.2020
Алтайский край,588,110,3,06.05.2020
Калининградская область,583,143,11,06.05.2020
Ульяновская область,573,89,4,06.05.2020
Астраханская область,564,113,6,06.05.2020
Белгородская область,540,71,5,06.05.2020
Ивановская область,537,102,7,06.05.2020
Ханты-Мансийский АО,537,161,4,06.05.2020
Смоленская область,535,91,5,06.05.2020
Карачаево-Черкесская Республика,457,40,2,06.05.2020
Республика Бурятия,450,133,4,06.05.2020
Новгородская область,417,56,5,06.05.2020
Республика Калмыкия,351,54,5,06.05.2020
Республика Саха (Якутия),348,46,4,06.05.2020
Камчатский край,348,44,0,06.05.2020
Удмуртская Республика,344,69,10,06.05.2020
Республика Хакасия,340,35,8,06.05.2020
Архангельская область,329,115,1,06.05.2020
Костромская область,293,68,3,06.05.2020
Забайкальский край,238,83,0,06.05.2020
Вологодская область,236,82,1,06.05.2020
Иркутская область,231,67,4,06.05.2020
Псковская область,226,35,8,06.05.2020
Республика Адыгея,202,107,7,06.05.2020
Омская область,197,40,3,06.05.2020
Кемеровская область,180,26,4,06.05.2020
Томская область,160,34,1,06.05.2020
Еврейская автономная область,153,20,0,06.05.2020
Магаданская область,136,56,2,06.05.2020
Республика Крым,128,40,0,06.05.2020
Амурская область,106,16,1,06.05.2020
Севастополь,104,15,2,06.05.2020
Республика Карелия,103,17,0,06.05.2020
Курганская область,56,22,0,06.05.2020
Республика Тыва,51,29,0,06.05.2020
Ненецкий автономный округ,47,1,0,06.05.2020
Республика Алтай,38,3,0,06.05.2020
Сахалинская область,29,20,0,06.05.2020
Чукотский автономный округ,26,2,0,06.05.2020
Москва,92676,9227,905,07.05.2020
Московская область,17432,769,156,07.05.2020
Санкт-Петербург,6190,1552,44,07.05.2020
Нижегородская область,3610,493,23,07.05.2020
Республика Дагестан,2372,391,16,07.05.2020
Мурманская область,2272,186,4,07.05.2020
Краснодарский край,1633,523,21,07.05.2020
Тульская область,1530,218,10,07.05.2020
Ростовская область,1514,195,12,07.05.2020
Калужская область,1486,173,13,07.05.2020
Брянская область,1442,379,12,07.05.2020
Свердловская область,1429,212,3,07.05.2020
Республика Татарстан,1415,184,4,07.05.2020
Рязанская область,1396,106,5,07.05.2020
Республика Северная Осетия — Алания,1342,241,9,07.05.2020
Ленинградская область,1263,330,3,07.05.2020
Республика Башкортостан,1243,289,14,07.05.2020
Курская область,1197,195,4,07.05.2020
Владимирская область,1079,43,12,07.05.2020
Республика Ингушетия,1067,248,28,07.05.2020
Тамбовская область,1046,156,2,07.05.2020
Ямало-Ненецкий автономный округ,1018,144,3,07.05.2020
Республика Мордовия,1018,145,6,07.05.2020
Кабардино-Балкарская Республика,1008,156,3,07.05.2020
Республика Чувашия,950,175,8,07.05.2020
Ярославская область,935,128,11,07.05.2020
Красноярский край,933,203,12,07.05.2020
Ставропольский край,887,224,20,07.05.2020
Саратовская область,876,135,4,07.05.2020
Новосибирская область,876,240,12,07.05.2020
Орловская область,865,193,7,07.05.2020
Челябинская область ,839,124,3,07.05.2020
Республика Марий Эл,814,508,4,07.05.2020
Оренбургская область,798,217,4,07.05.2020
Республика Коми,782,144,11,07.05.2020
Хабаровский край,781,234,7,07.05.2020
Тверская область,769,226,8,07.05.2020
Самарская область,743,75,8,07.05.2020
Воронежская область,731,218,12,07.05.2020
Приморский край,727,130,10,07.05.2020
Волгоградская область,711,194,12,07.05.2020
Липецкая область,703,148,2,07.05.2020
Пермский край,699,282,10,07.05.2020
Кировская область,686,125,4,07.05.2020
Тюменская область,683,225,5,07.05.2020
Чеченская Республика,674,369,8,07.05.2020
Пензенская область,635,217,8,07.05.2020
Алтайский край,605,132,3,07.05.2020
Ульяновская область,605,112,4,07.05.2020
Калининградская область,599,154,11,07.05.2020
Ивановская область,595,119,7,07.05.2020
Смоленская область,590,91,5,07.05.2020
Астраханская область,589,123,6,07.05.2020
Белгородская область,574,91,6,07.05.2020
Ханты-Мансийский АО,551,178,4,07.05.2020
Республика Бурятия,499,144,4,07.05.2020
Карачаево-Черкесская Республика,463,41,2,07.05.2020
Новгородская область,438,58,5,07.05.2020
Республика Саха (Якутия),385,66,4,07.05.2020
Республика Калмыкия,379,69,5,07.05.2020
Архангельская область,354,126,1,07.05.2020
Республика Хакасия,352,50,8,07.05.2020
Камчатский край,350,44,0,07.05.2020
Удмуртская Республика,344,69,10,07.05.2020
Костромская область,311,68,3,07.05.2020
Забайкальский край,254,88,0,07.05.2020
Псковская область,243,41,8,07.05.2020
Вологодская область,241,84,1,07.05.2020
Иркутская область,237,75,4,07.05.2020
Омская область,208,46,4,07.05.2020
Республика Адыгея,206,114,7,07.05.2020
Кемеровская область,198,28,4,07.05.2020
Томская область,162,41,1,07.05.2020
Республика Крым,160,44,1,07.05.2020
Еврейская автономная область,159,23,0,07.05.2020
Магаданская область,138,57,2,07.05.2020
Амурская область,112,16,1,07.05.2020
Республика Карелия,112,19,0,07.05.2020
Севастополь,110,16,2,07.05.2020
Курганская область,61,24,0,07.05.2020
Республика Тыва,55,29,0,07.05.2020
Ненецкий автономный округ,48,1,0,07.05.2020
Республика Алтай,40,5,0,07.05.2020
Сахалинская область,31,20,0,07.05.2020
Чукотский автономный округ,27,8,0,07.05.2020
Москва,98522,10259,956,08.05.2020
Московская область,18350,813,175,08.05.2020
Санкт-Петербург,6565,1597,48,08.05.2020
Нижегородская область,3886,510,23,08.05.2020
Республика Дагестан,2468,508,17,08.05.2020
Мурманская область,2322,234,4,08.05.2020
Краснодарский край,1732,554,21,08.05.2020
Тульская область,1620,263,11,08.05.2020
Ростовская область,1594,262,16,08.05.2020
Свердловская область,1584,237,3,08.05.2020
Калужская область,1564,224,13,08.05.2020
Брянская область,1514,417,17,08.05.2020
Республика Татарстан,1498,228,4,08.05.2020
Рязанская область,1475,153,5,08.05.2020
Республика Северная Осетия — Алания,1436,262,10,08.05.2020
Ленинградская область,1354,366,4,08.05.2020
Республика Башкортостан,1332,361,14,08.05.2020
Курская область,1268,219,6,08.05.2020
Тамбовская область,1131,189,2,08.05.2020
Владимирская область,1124,43,12,08.05.2020
Республика Ингушетия,1108,250,28,08.05.2020
Кабардино-Балкарская Республика,1089,169,3,08.05.2020
Республика Мордовия,1055,160,8,08.05.2020
Ямало-Ненецкий автономный округ,1054,158,3,08.05.2020
Республика Чувашия,1018,175,8,08.05.2020
Ярославская область,993,162,11,08.05.2020
Красноярский край,964,220,12,08.05.2020
Саратовская область,950,157,4,08.05.2020
Новосибирская область,949,262,12,08.05.2020
Ставропольский край,943,249,20,08.05.2020
Орловская область,923,211,7,08.05.2020
Челябинская область ,881,148,3,08.05.2020
Оренбургская область,847,217,5,08.05.2020
Республика Марий Эл,845,537,4,08.05.2020
Хабаровский край,821,256,7,08.05.2020
Самарская область,802,82,8,08.05.2020
Республика Коми,793,194,11,08.05.2020
Волгоградская область,791,233,12,08.05.2020
Тверская область,784,263,8,08.05.2020
Воронежская область,766,261,12,08.05.2020
Приморский край,763,150,10,08.05.2020
Липецкая область,752,186,2,08.05.2020
Пермский край,719,333,10,08.05.2020
Кировская область,718,143,4,08.05.2020
Тюменская область,707,271,5,08.05.2020
Чеченская Республика,705,369,8,08.05.2020
Ульяновская область,681,120,4,08.05.2020
Пензенская область,678,246,8,08.05.2020
Ивановская область,653,133,7,08.05.2020
Смоленская область,646,94,5,08.05.2020
Калининградская область,637,169,11,08.05.2020
Астраханская область,629,134,6,08.05.2020
Алтайский край,621,164,3,08.05.2020
Белгородская область,613,118,6,08.05.2020
Ханты-Мансийский АО,583,202,4,08.05.2020
Республика Бурятия,518,162,4,08.05.2020
Карачаево-Черкесская Республика,478,49,3,08.05.2020
Новгородская область,457,69,5,08.05.2020
Республика Саха (Якутия),437,66,4,08.05.2020
Республика Калмыкия,405,94,5,08.05.2020
Архангельская область,372,137,1,08.05.2020
Республика Хакасия,367,50,8,08.05.2020
Камчатский край,353,50,0,08.05.2020
Удмуртская Республика,345,91,11,08.05.2020
Костромская область,333,85,3,08.05.2020
Псковская область,270,51,8,08.05.2020
Забайкальский край,262,92,0,08.05.2020
Иркутская область,255,77,4,08.05.2020
Вологодская область,253,88,1,08.05.2020
Омская область,223,46,6,08.05.2020
Республика Адыгея,212,114,7,08.05.2020
Кемеровская область,204,50,5,08.05.2020
Томская область,176,48,2,08.05.2020
Еврейская автономная область,170,23,0,08.05.2020
Республика Крым,168,44,1,08.05.2020
Магаданская область,146,67,2,08.05.2020
Республика Карелия,125,30,0,08.05.2020
Амурская область,123,20,1,08.05.2020
Севастополь,118,18,2,08.05.2020
Курганская область,65,29,0,08.05.2020
Республика Тыва,56,29,0,08.05.2020
Ненецкий автономный округ,49,1,0,08.05.2020
Республика Алтай,41,5,0,08.05.2020
Сахалинская область,31,20,0,08.05.2020
Чукотский автономный округ,27,8,0,08.05.2020
Москва,104189,12779,1010,09.05.2020
Московская область,19425,1030,186,09.05.2020
Санкт-Петербург,6990,1662,53,09.05.2020
Нижегородская область,4180,649,26,09.05.2020
Республика Дагестан,2560,679,18,09.05.2020
Мурманская область,2340,257,4,09.05.2020
Краснодарский край,1830,595,21,09.05.2020
Тульская область,1706,266,12,09.05.2020
Свердловская область,1705,269,3,09.05.2020
Ростовская область,1674,338,19,09.05.2020
Калужская область,1641,224,14,09.05.2020
Республика Татарстан,1586,340,5,09.05.2020
Рязанская область,1560,198,5,09.05.2020
Брянская область,1537,450,17,09.05.2020
Республика Северная Осетия — Алания,1505,296,10,09.05.2020
Ленинградская область,1433,393,6,09.05.2020
Республика Башкортостан,1416,409,15,09.05.2020
Курская область,1339,273,6,09.05.2020
Тамбовская область,1221,250,2,09.05.2020
Кабардино-Балкарская Республика,1168,192,3,09.05.2020
Владимирская область,1166,100,13,09.05.2020
Республика Ингушетия,1152,263,28,09.05.2020
Ямало-Ненецкий автономный округ,1105,158,3,09.05.2020
Республика Мордовия,1102,197,8,09.05.2020
Республика Чувашия,1081,200,8,09.05.2020
Красноярский край,1070,253,13,09.05.2020
Ярославская область,1051,162,11,09.05.2020
Новосибирская область,1025,306,14,09.05.2020
Ставропольский край,1012,279,20,09.05.2020
Саратовская область,1007,196,4,09.05.2020
Орловская область,973,244,7,09.05.2020
Челябинская область ,951,188,3,09.05.2020
Оренбургская область,895,272,5,09.05.2020
Волгоградская область,893,287,12,09.05.2020
Республика Марий Эл,882,589,5,09.05.2020
Самарская область,877,102,9,09.05.2020
Хабаровский край,862,345,7,09.05.2020
Тверская область,822,316,10,09.05.2020
Воронежская область,809,327,12,09.05.2020
Приморский край,808,181,10,09.05.2020
Республика Коми,803,214,14,09.05.2020
Липецкая область,801,186,2,09.05.2020
Ульяновская область,765,144,4,09.05.2020
Кировская область,761,184,4,09.05.2020
Пермский край,735,385,11,09.05.2020
Чеченская Республика,733,404,8,09.05.2020
Тюменская область,730,284,5,09.05.2020
Пензенская область,723,301,8,09.05.2020
Ивановская область,679,164,10,09.05.2020
Астраханская область,673,161,6,09.05.2020
Калининградская область,671,175,11,09.05.2020
Смоленская область,668,254,7,09.05.2020
Белгородская область,659,183,6,09.05.2020
Алтайский край,641,173,3,09.05.2020
Ханты-Мансийский АО,626,219,4,09.05.2020
Республика Бурятия,548,171,5,09.05.2020
Карачаево-Черкесская Республика,509,66,3,09.05.2020
Республика Саха (Якутия),477,83,4,09.05.2020
Новгородская область,469,81,5,09.05.2020
Республика Калмыкия,455,102,5,09.05.2020
Республика Хакасия,403,94,8,09.05.2020
Архангельская область,400,149,1,09.05.2020
Камчатский край,363,50,0,09.05.2020
Удмуртская Республика,352,106,11,09.05.2020
Костромская область,343,96,3,09.05.2020
Псковская область,277,59,8,09.05.2020
Забайкальский край,272,104,0,09.05.2020
Иркутская область,271,77,4,09.05.2020
Вологодская область,267,90,1,09.05.2020
Омская область,245,54,6,09.05.2020
Республика Адыгея,220,140,7,09.05.2020
Кемеровская область,214,61,6,09.05.2020
Томская область,191,51,2,09.05.2020
Республика Крым,177,57,2,09.05.2020
Еврейская автономная область,175,34,1,09.05.2020
Магаданская область,154,68,2,09.05.2020
Амурская область,135,20,1,09.05.2020
Республика Карелия,128,31,0,09.05.2020
Севастополь,119,21,2,09.05.2020
Курганская область,71,33,0,09.05.2020
Республика Тыва,60,29,0,09.05.2020
Республика Алтай,51,12,0,09.05.2020
Ненецкий автономный округ,49,1,0,09.05.2020
Сахалинская область,37,20,0,09.05.2020
Чукотский автономный округ,28,11,0,09.05.2020
Москва,109740,13790,1068,10.05.2020
Московская область,20558,1236,195,10.05.2020
Санкт-Петербург,7404,1674,53,10.05.2020
Нижегородская область,4442,661,29,10.05.2020
Республика Дагестан,2653,772,18,10.05.2020
Мурманская область,2371,270,5,10.05.2020
Краснодарский край,1929,622,22,10.05.2020
Свердловская область,1844,270,3,10.05.2020
Тульская область,1795,291,12,10.05.2020
Ростовская область,1763,388,21,10.05.2020
Калужская область,1730,228,15,10.05.2020
Республика Татарстан,1671,360,5,10.05.2020
Рязанская область,1648,215,5,10.05.2020
Брянская область,1605,500,17,10.05.2020
Республика Северная Осетия — Алания,1575,296,10,10.05.2020
Ленинградская область,1500,423,6,10.05.2020
Республика Башкортостан,1491,435,15,10.05.2020
Курская область,1410,298,6,10.05.2020
Тамбовская область,1312,279,2,10.05.2020
Владимирская область,1249,100,15,10.05.2020
Кабардино-Балкарская Республика,1245,199,3,10.05.2020
Республика Ингушетия,1199,272,29,10.05.2020
Ямало-Ненецкий автономный округ,1177,166,3,10.05.2020
Республика Мордовия,1148,216,8,10.05.2020
Республика Чувашия,1144,205,8,10.05.2020
Красноярский край,1143,284,14,10.05.2020
Ярославская область,1114,162,11,10.05.2020
Новосибирская область,1100,307,15,10.05.2020
Саратовская область,1076,233,4,10.05.2020
Ставропольский край,1050,289,20,10.05.2020
Челябинская область ,1041,249,4,10.05.2020
Орловская область,1023,249,9,10.05.2020
Волгоградская область,1012,294,12,10.05.2020
Самарская область,951,126,9,10.05.2020
Оренбургская область,937,284,5,10.05.2020
Республика Марий Эл,903,594,5,10.05.2020
Хабаровский край,896,345,7,10.05.2020
Тверская область,867,316,10,10.05.2020
Приморский край,856,193,10,10.05.2020
Липецкая область,849,186,3,10.05.2020
Воронежская область,848,332,12,10.05.2020
Республика Коми,823,219,14,10.05.2020
Ульяновская область,807,145,4,10.05.2020
Кировская область,807,236,4,10.05.2020
Тюменская область,803,293,5,10.05.2020
Пензенская область,764,350,8,10.05.2020
Чеченская Республика,759,422,8,10.05.2020
Ивановская область,758,177,10,10.05.2020
Пермский край,743,391,11,10.05.2020
Смоленская область,738,254,7,10.05.2020
Астраханская область,731,177,6,10.05.2020
Калининградская область,713,188,11,10.05.2020
Белгородская область,707,208,6,10.05.2020
Ханты-Мансийский АО,693,247,4,10.05.2020
Алтайский край,669,204,3,10.05.2020
Республика Бурятия,570,177,5,10.05.2020
Карачаево-Черкесская Республика,527,86,3,10.05.2020
Республика Саха (Якутия),510,106,4,10.05.2020
Новгородская область,497,102,5,10.05.2020
Республика Калмыкия,473,105,6,10.05.2020
Республика Хакасия,425,96,8,10.05.2020
Архангельская область,425,156,3,10.05.2020
Камчатский край,376,50,0,10.05.2020
Удмуртская Республика,370,129,11,10.05.2020
Костромская область,357,107,3,10.05.2020
Забайкальский край,305,111,0,10.05.2020
Псковская область,293,66,8,10.05.2020
Иркутская область,289,80,4,10.05.2020
Вологодская область,286,98,1,10.05.2020
Омская область,279,54,6,10.05.2020
Кемеровская область,233,72,6,10.05.2020
Республика Адыгея,224,173,7,10.05.2020
Томская область,210,56,2,10.05.2020
Республика Крым,189,64,2,10.05.2020
Еврейская автономная область,179,34,1,10.05.2020
Магаданская область,155,73,3,10.05.2020
Республика Карелия,148,32,0,10.05.2020
Амурская область,140,24,1,10.05.2020
Севастополь,122,24,2,10.05.2020
Республика Тыва,81,29,0,10.05.2020
Курганская область,73,33,0,10.05.2020
Республика Алтай,52,17,0,10.05.2020
Ненецкий автономный округ,49,1,0,10.05.2020
Сахалинская область,37,20,0,10.05.2020
Чукотский автономный округ,30,11,0,10.05.2020
Москва,115909,17822,1124,11.05.2020
Московская область,21637,1389,209,11.05.2020
Санкт-Петербург,7711,1681,56,11.05.2020
Нижегородская область,4733,694,31,11.05.2020
Республика Дагестан,2772,968,20,11.05.2020
Мурманская область,2416,291,5,11.05.2020
Краснодарский край,2027,662,22,11.05.2020
Свердловская область,1952,283,3,11.05.2020
Тульская область,1881,324,12,11.05.2020
Ростовская область,1851,407,22,11.05.2020
Калужская область,1828,254,15,11.05.2020
Республика Татарстан,1761,460,5,11.05.2020
Рязанская область,1744,224,5,11.05.2020
Брянская область,1678,536,22,11.05.2020
Республика Северная Осетия — Алания,1647,296,10,11.05.2020
Республика Башкортостан,1567,435,15,11.05.2020
Ленинградская область,1566,450,6,11.05.2020
Курская область,1484,301,6,11.05.2020
Тамбовская область,1403,293,2,11.05.2020
Владимирская область,1326,100,15,11.05.2020
Кабардино-Балкарская Республика,1325,223,3,11.05.2020
Республика Ингушетия,1245,287,29,11.05.2020
Ямало-Ненецкий автономный округ,1239,178,3,11.05.2020
Республика Чувашия,1220,255,8,11.05.2020
Красноярский край,1201,285,15,11.05.2020
Ярославская область,1192,198,11,11.05.2020
Республика Мордовия,1190,237,8,11.05.2020
Новосибирская область,1171,314,15,11.05.2020
Саратовская область,1168,237,5,11.05.2020
Челябинская область ,1118,263,4,11.05.2020
Орловская область,1087,257,9,11.05.2020
Ставропольский край,1084,301,20,11.05.2020
Волгоградская область,1061,314,12,11.05.2020
Самарская область,1017,135,9,11.05.2020
Оренбургская область,986,331,5,11.05.2020
Хабаровский край,935,365,7,11.05.2020
Республика Марий Эл,928,623,5,11.05.2020
Приморский край,907,213,10,11.05.2020
Смоленская область,902,264,7,11.05.2020
Воронежская область,899,342,12,11.05.2020
Тверская область,898,344,10,11.05.2020
Липецкая область,897,193,3,11.05.2020
Ульяновская область,848,152,4,11.05.2020
Республика Коми,844,252,15,11.05.2020
Ивановская область,843,180,11,11.05.2020
Кировская область,835,263,5,11.05.2020
Тюменская область,832,300,5,11.05.2020
Пензенская область,802,402,10,11.05.2020
Белгородская область,798,208,6,11.05.2020
Чеченская Республика,787,445,8,11.05.2020
Ханты-Мансийский АО,777,252,4,11.05.2020
Астраханская область,764,181,6,11.05.2020
Пермский край,753,401,11,11.05.2020
Калининградская область,753,207,11,11.05.2020
Алтайский край,707,224,3,11.05.2020
Республика Бурятия,620,188,5,11.05.2020
Республика Саха (Якутия),551,120,4,11.05.2020
Карачаево-Черкесская Республика,539,86,3,11.05.2020
Новгородская область,514,108,5,11.05.2020
Республика Калмыкия,494,129,6,11.05.2020
Республика Хакасия,466,96,8,11.05.2020
Архангельская область,457,163,3,11.05.2020
Удмуртская Республика,389,129,12,11.05.2020
Камчатский край,384,51,0,11.05.2020
Костромская область,372,115,3,11.05.2020
Забайкальский край,344,115,0,11.05.2020
Иркутская область,313,85,4,11.05.2020
Псковская область,308,67,8,11.05.2020
Омская область,302,58,7,11.05.2020
Вологодская область,298,104,1,11.05.2020
Томская область,279,56,3,11.05.2020
Кемеровская область,251,79,7,11.05.2020
Республика Адыгея,241,173,7,11.05.2020
Республика Крым,193,64,2,11.05.2020
Еврейская автономная область,185,39,1,11.05.2020
Республика Карелия,160,35,0,11.05.2020
Магаданская область,155,83,3,11.05.2020
Амурская область,152,24,1,11.05.2020
Севастополь,126,24,2,11.05.2020
Республика Тыва,93,29,0,11.05.2020
Курганская область,79,35,0,11.05.2020
Республика Алтай,54,18,0,11.05.2020
Ненецкий автономный округ,50,1,0,11.05.2020
Сахалинская область,38,20,0,11.05.2020
Чукотский автономный округ,31,11,0,11.05.2020
